"","Otu00001","Otu00002","Otu00003","Otu00004","Otu00005","Otu00006","Otu00007","Otu00008","Otu00009","Otu00010","Otu00011","Otu00012","Otu00013","Otu00014","Otu00015","Otu00016","Otu00017","Otu00018","Otu00019","Otu00020","Otu00021","Otu00022","Otu00023","Otu00024","Otu00025","Otu00026","Otu00027","Otu00028","Otu00029","Otu00030","Otu00031","Otu00032","Otu00033","Otu00034","Otu00035","Otu00036","Otu00037","Otu00038","Otu00039","Otu00040","Otu00041","Otu00042","Otu00043","Otu00044","Otu00045","Otu00046","Otu00047","Otu00048","Otu00049","Otu00050","Otu00051","Otu00052","Otu00053","Otu00054","Otu00055","Otu00056","Otu00057","Otu00058","Otu00059","Otu00060","Otu00061","Otu00062","Otu00063","Otu00064","Otu00065","Otu00066","Otu00067","Otu00068","Otu00069","Otu00070","Otu00071","Otu00072","Otu00073","Otu00074","Otu00075","Otu00076","Otu00077","Otu00078","Otu00079","Otu00080","Otu00081","Otu00082","Otu00083","Otu00084","Otu00085","Otu00086","Otu00087","Otu00088","Otu00089","Otu00090","Otu00091","Otu00092","Otu00093","Otu00094","Otu00095","Otu00096","Otu00097","Otu00098","Otu00099","Otu00100","Otu00101","Otu00102","Otu00103","Otu00104","Otu00105","Otu00106","Otu00107","Otu00108","Otu00109","Otu00110","Otu00111","Otu00112","Otu00113","Otu00114","Otu00115","Otu00116","Otu00117","Otu00118","Otu00119","Otu00120","Otu00121","Otu00122","Otu00123","Otu00124","Otu00125","Otu00126","Otu00127","Otu00128","Otu00129","Otu00130","Otu00131","Otu00132","Otu00133","Otu00134","Otu00135","Otu00136","Otu00138","Otu00139","Otu00140","Otu00141","Otu00142","Otu00143","Otu00144","Otu00145","Otu00146","Otu00147","Otu00148","Otu00149","Otu00150","Otu00151","Otu00152","Otu00153","Otu00154","Otu00155","Otu00156","Otu00157","Otu00160","Otu00161","Otu00162","Otu00163","Otu00164","Otu00165","Otu00166","Otu00168","Otu00169","Otu00170","Otu00171","Otu00172","Otu00173","Otu00174","Otu00175","Otu00176","Otu00177","Otu00178","Otu00179","Otu00180","Otu00181","Otu00182","Otu00183","Otu00184","Otu00187","Otu00191","Otu00192","Otu00193","Otu00194","Otu00195","Otu00196","Otu00198","Otu00199","Otu00201","Otu00204","Otu00205","Otu00209","Otu00211","Otu00212","Otu00214","Otu00216","Otu00218","Otu00221","Otu00223","Otu00225","Otu00226","Otu00227","Otu00228","Otu00230","Otu00231","Otu00234","Otu00235","Otu00236","Otu00238","Otu00239","Otu00240","Otu00241","Otu00242","Otu00244","Otu00245","Otu00246","Otu00248","Otu00253","Otu00254","Otu00255","Otu00256","Otu00257","Otu00258","Otu00259","Otu00261","Otu00262","Otu00264","Otu00265","Otu00268","Otu00269","Otu00270","Otu00273","Otu00274","Otu00275","Otu00276","Otu00277","Otu00280","Otu00284","Otu00285","Otu00288","Otu00289","Otu00290","Otu00293","Otu00298","Otu00301","Otu00302","Otu00303","Otu00304","Otu00306","Otu00307","Otu00312","Otu00313","Otu00314","Otu00316","Otu00319","Otu00322","Otu00323","Otu00324","Otu00326","Otu00327","Otu00328","Otu00331","Otu00333","Otu00339","Otu00341","Otu00344","Otu00346","Otu00350","Otu00358","Otu00359","Otu00367","Otu00371","Otu00372","Otu00373","Otu00375","Otu00386","Otu00388","Otu00389","Otu00402","Otu00405","Otu00410","Otu00416","Otu00417","Otu00418","Otu00421","Otu00422","Otu00423","Otu00429","Otu00436","Otu00437","Otu00447","Otu00454","Otu00457","Otu00469","Otu00471","Otu00480","Otu00482","Otu00485","Otu00493","Otu00496","Otu00499","Otu00505","Otu00506","Otu00515","Otu00522","Otu00527","Otu00579","Otu00581","Otu00583","Otu00605","Otu00606","Otu00616","Otu00641","Otu00647","Otu00744","Otu00782"
"G41PR16",15571,10358,8738,2552,6595,443,821,1450,0,62,2871,1171,330,4598,0,0,242,0,0,148,8154,0,209,587,2350,112,0,0,0,464,0,0,0,0,151,0,0,0,95,0,0,0,0,632,0,0,0,0,0,0,0,0,0,0,0,0,0,0,0,0,0,0,0,0,0,0,0,0,0,0,83,0,0,0,0,0,0,0,0,0,0,0,0,0,0,0,0,0,0,0,0,0,0,0,0,0,0,0,0,0,0,0,0,0,0,0,0,0,0,0,0,0,0,0,0,0,0,0,0,0,0,0,0,0,0,0,0,0,0,0,0,0,0,0,0,0,0,0,0,0,0,0,0,0,0,0,0,0,0,0,0,0,0,0,0,0,0,0,0,0,0,0,0,0,0,0,0,0,0,0,0,0,0,0,0,0,0,0,0,0,0,0,0,0,0,0,0,0,0,0,0,0,0,0,0,0,0,0,0,0,0,0,0,0,0,0,0,0,0,0,0,0,0,0,0,0,0,0,0,0,0,0,0,0,0,0,0,0,0,0,0,0,0,0,0,0,0,0,0,0,0,0,0,0,0,0,0,0,0,0,0,0,0,0,0,0,0,0,0,0,0,0,0,0,0,0,0,0,0,0,0,0,0,0,0,0,0,0,0,0,0,0,0,0,0,0,0,0,0,0,0,0,0,0,0,0,0,0,0,0,0,0,0,0,0,0,0,0,0,0,0,0,0,0,0,0,0
"D46PR16",13279,9328,10034,4470,4201,4474,2317,9149,129,584,3457,2324,869,3508,13,0,604,242,0,204,883,439,66,2464,86,565,0,0,167,967,178,0,0,294,234,0,631,124,6,0,0,79,0,304,0,0,0,0,0,0,111,0,540,0,456,0,0,14,0,0,0,0,160,0,0,0,0,0,0,0,0,0,0,0,0,85,0,0,0,0,0,0,0,0,0,0,0,0,0,0,0,0,0,0,0,0,0,0,0,0,0,0,0,0,0,0,0,0,0,0,0,0,0,0,0,0,0,0,0,0,0,0,0,0,0,0,0,0,0,0,0,0,0,0,0,0,0,0,0,0,0,0,0,0,0,0,0,0,0,0,0,0,0,0,0,0,0,0,0,0,0,0,0,0,0,0,0,0,0,0,0,0,0,0,0,0,0,0,0,0,0,0,0,0,0,0,0,0,0,0,0,0,0,0,0,0,0,0,0,0,0,0,0,0,0,0,0,0,0,0,0,0,0,0,0,0,0,0,0,0,0,0,0,0,0,0,0,0,0,0,0,0,0,0,0,0,0,0,0,0,0,0,0,0,0,0,0,0,0,0,0,0,0,0,0,0,0,0,0,0,0,0,0,0,0,0,0,0,0,0,0,0,0,0,0,0,0,0,0,0,0,0,0,0,0,0,0,0,0,0,0,0,0,0,0,0,0,0,0,0,0,0,0,0,0,0,0,0,0,0,0,0,0,0,0,0,0
"J45PR16",15351,5105,15851,1324,6073,1968,819,152,0,0,3308,0,205,168,184,1007,0,0,0,71,1190,0,0,1110,154,0,0,0,0,115,0,0,0,0,273,0,0,0,6,0,0,0,357,506,0,0,0,0,0,0,0,0,234,0,166,0,0,0,0,0,0,0,46,0,33,0,0,0,0,0,0,0,0,0,0,0,0,0,0,0,0,0,0,0,0,0,0,0,0,0,0,0,0,0,0,0,0,0,0,0,0,0,0,0,0,0,0,0,0,0,0,0,0,0,0,0,0,0,0,0,0,0,0,0,0,0,0,0,0,0,0,0,0,0,0,0,0,0,0,0,0,0,0,0,0,0,0,0,0,0,0,0,0,0,0,0,0,0,0,0,0,0,0,0,0,0,0,0,0,0,0,0,0,0,0,0,0,0,0,0,0,0,0,0,0,0,0,0,0,0,0,0,0,0,0,0,0,0,0,0,0,0,0,0,0,0,0,0,0,0,0,0,0,0,0,0,0,0,0,0,0,0,0,0,0,0,0,0,0,0,0,0,0,0,0,0,0,0,0,0,0,0,0,0,0,0,0,0,0,0,0,0,0,0,0,0,0,0,0,0,0,0,0,0,0,0,0,0,0,0,0,0,0,0,0,0,0,0,0,0,0,0,0,0,0,0,0,0,0,0,0,0,0,0,0,0,0,0,0,0,0,0,0,0,0,0,0,0,0,0,0,0,0,0,0,0,0
"C34PR16",8152,6750,7455,526,9700,817,1608,16320,0,550,2045,296,597,382,96,795,122,0,0,148,2710,238,5421,432,345,2303,0,0,62,121,770,0,2531,468,240,247,245,0,0,0,0,64,20,578,239,0,0,0,106,136,570,77,91,0,0,0,0,111,0,0,313,0,45,0,7,359,0,0,0,0,64,0,0,286,0,0,0,0,9,0,0,0,0,0,0,0,0,0,0,0,0,0,0,0,0,0,0,0,0,0,0,0,0,0,0,0,0,0,0,0,0,0,0,0,0,0,0,0,0,0,0,0,304,122,0,0,0,0,0,0,0,0,0,0,0,0,0,0,0,0,0,0,0,0,0,0,0,0,0,0,0,0,0,0,0,0,0,0,0,0,0,0,0,0,0,0,0,0,0,0,0,0,0,0,0,0,0,0,0,0,0,0,0,0,0,0,0,0,0,0,0,0,0,0,0,0,0,0,0,0,0,0,0,0,0,0,0,0,0,0,0,0,0,0,0,0,0,0,0,0,0,0,0,0,0,0,0,0,0,0,0,0,0,0,0,0,0,0,0,0,0,0,0,0,0,0,0,0,0,0,0,0,0,0,0,0,0,0,0,0,0,0,0,0,0,0,0,0,0,0,0,0,0,0,0,0,0,0,0,0,0,0,0,0,0,0,0,0,0,0,0,0,0,0,0,0,0,0,0,0,0,0,0,0,0,0,0,0,0,0,0,0,0,0,0,0,0
"P43PR16",5276,4874,6033,2453,7074,3398,2392,433,0,671,1728,873,564,630,531,1177,1007,0,46,4706,186,15,0,478,1134,327,0,0,0,948,4,0,0,36,568,0,0,0,289,0,0,23,101,256,0,0,77,119,0,0,36,0,140,0,351,0,0,0,7,0,0,0,126,50,25,0,98,0,0,0,0,0,0,0,0,15,0,0,0,0,0,0,0,0,0,0,0,0,0,270,0,0,0,0,0,0,0,0,0,0,0,0,0,0,0,0,0,0,0,0,112,0,0,0,0,0,0,0,0,0,0,0,0,0,0,0,0,0,0,0,0,0,0,0,0,0,0,0,0,0,0,0,0,0,0,0,0,0,0,0,0,0,0,0,0,0,0,0,0,0,0,0,0,0,0,0,0,0,0,0,0,0,0,0,0,0,0,0,0,0,0,0,0,0,0,0,0,0,0,0,0,0,0,0,0,0,0,0,0,0,0,0,0,0,0,0,0,0,0,0,0,0,0,0,0,0,0,0,0,0,0,0,0,0,0,0,0,0,0,0,0,0,0,0,0,0,0,0,0,0,0,0,0,0,0,0,0,0,0,0,0,0,0,0,0,0,0,0,0,0,0,0,2,0,0,0,0,0,0,0,0,0,0,0,0,0,0,0,0,0,0,0,0,0,0,0,0,0,0,0,0,0,0,0,0,0,0,0,0,0,0,0,0,0,0,0,0,0,0,0,0,0,0,0,0,0,0
"M48PR16",12163,4024,2793,17134,2975,4142,606,2055,0,237,1275,152,341,1366,0,0,179,81,0,568,34,0,168,1264,805,134,0,0,24,1539,60,0,9,0,147,36,8,47,111,0,0,204,0,304,0,0,126,0,0,0,48,0,15,0,410,0,0,0,0,0,0,2,30,0,0,0,0,0,0,0,0,0,0,0,0,0,0,0,0,0,0,0,0,0,0,0,0,0,0,0,0,0,0,0,0,0,0,0,0,0,0,0,0,0,0,0,0,0,0,0,0,0,0,0,0,0,0,0,0,0,0,0,0,0,0,0,0,0,0,0,0,0,0,0,0,0,0,0,0,0,0,0,0,0,0,0,0,0,0,0,0,0,0,0,0,0,0,0,0,0,0,0,0,0,0,0,0,0,0,0,0,0,0,0,0,0,0,0,0,0,0,0,0,0,0,0,0,0,0,0,0,0,0,0,0,0,0,0,0,0,0,0,0,0,0,0,0,0,0,0,0,0,0,0,0,0,0,0,0,0,0,0,0,0,0,0,0,0,0,0,0,0,0,0,0,0,0,0,0,0,0,0,0,0,0,0,0,0,0,0,0,0,0,0,0,0,0,0,0,0,0,0,0,0,0,0,0,0,0,0,0,0,0,0,0,0,0,0,0,0,0,0,0,0,0,0,0,0,0,0,0,0,0,0,0,0,0,0,0,0,0,0,0,0,0,0,0,0,0,0,0,0,0,0,0,0,0
"S42PR16",4054,5404,6936,3398,9591,698,1779,958,397,97,1890,184,195,1196,278,1196,553,54,74,305,1665,401,15,538,763,135,0,0,0,462,30,0,0,0,468,113,6,0,0,0,0,0,197,288,0,0,30,68,0,4,21,0,0,0,32,0,0,0,0,0,0,0,105,0,19,0,0,0,0,0,51,0,0,0,0,0,0,0,0,0,0,0,0,0,0,0,0,0,0,63,0,0,0,0,0,0,0,0,0,0,0,0,0,0,0,0,0,0,0,0,0,0,0,0,0,0,0,0,0,0,0,0,0,0,0,0,0,0,0,0,0,0,0,0,0,0,0,0,0,0,0,0,0,0,0,0,0,0,0,0,0,0,0,0,0,0,0,0,0,0,0,0,0,0,0,0,0,0,0,0,0,0,0,0,0,0,0,0,0,0,0,0,0,0,0,0,0,0,0,0,0,0,0,0,0,0,0,0,0,0,0,0,0,0,0,0,0,0,0,0,0,0,0,0,0,0,0,0,0,0,0,0,0,0,0,0,0,0,0,0,0,0,0,0,0,0,0,0,0,0,0,0,0,0,0,0,0,0,0,0,0,0,0,0,0,0,0,0,0,0,0,0,0,0,0,0,0,0,0,0,0,0,0,0,0,0,0,0,0,0,0,0,0,0,0,0,0,0,0,0,0,0,0,0,0,0,0,0,0,0,0,0,0,0,0,0,0,0,0,0,0,0,0,0,0,0,0
"F47PR16",5988,6807,5991,2829,6151,4381,3269,7366,0,802,2587,1680,477,303,0,128,1817,245,0,142,748,0,3207,1508,147,2150,0,0,305,359,573,0,2270,495,284,729,595,0,43,0,0,15,0,0,397,0,72,0,37,124,633,0,445,0,196,0,0,0,0,0,287,122,141,0,0,435,0,0,0,0,0,0,0,163,0,0,0,0,309,0,0,0,0,0,0,19,0,0,0,163,0,0,0,0,0,0,0,0,0,0,0,0,0,0,0,0,0,0,0,0,0,0,0,0,0,0,0,0,0,0,0,0,0,23,0,0,0,0,0,0,0,0,0,0,0,0,0,0,0,0,0,0,0,0,0,0,0,0,0,0,0,0,0,0,0,0,0,0,0,0,0,0,0,0,0,0,0,0,0,0,0,0,0,0,0,0,0,0,0,0,0,0,0,0,0,0,0,0,0,0,0,0,0,0,0,0,0,0,0,0,0,0,0,0,0,0,0,0,0,0,0,0,0,0,0,0,0,0,0,0,0,0,0,0,0,0,0,0,0,0,0,0,0,0,0,0,0,0,0,0,0,0,0,0,0,0,0,0,0,0,0,0,0,0,0,0,0,0,0,0,0,0,0,0,0,0,0,0,0,0,0,0,0,0,0,0,0,0,0,0,0,0,0,0,0,0,0,0,0,0,0,0,0,0,0,0,0,0,0,0,0,0,0,0,0,0,0,0,0,0,0,0,0,0,0,0,0
"L50PR16",10791,6650,7262,4623,5065,3132,2676,2042,0,490,2532,212,368,1313,0,21,364,263,0,68,473,316,345,1825,83,665,345,0,160,202,13,525,467,0,988,189,0,0,0,0,0,148,0,309,0,0,361,0,0,0,0,142,700,0,160,0,0,0,0,0,0,0,51,0,0,0,0,0,0,0,0,0,0,0,0,27,0,0,0,0,0,0,0,0,0,0,0,0,0,55,0,0,0,0,0,0,0,0,0,0,0,0,0,0,0,0,0,0,0,0,0,0,0,0,0,0,0,0,0,0,0,0,0,0,0,0,0,0,0,0,0,0,0,0,0,0,0,0,0,0,0,0,0,0,0,0,0,0,0,0,0,0,0,0,0,0,0,0,0,0,0,0,0,0,0,0,0,0,0,0,0,0,0,0,0,0,0,0,0,0,0,0,0,0,0,0,0,0,0,0,0,0,0,0,0,0,0,0,0,0,0,0,0,0,0,0,0,0,0,0,0,0,0,0,0,0,0,0,0,0,0,0,0,0,0,0,0,0,0,0,0,0,0,0,0,0,0,0,0,0,0,0,0,0,0,0,0,0,0,0,0,0,0,0,0,0,0,0,0,0,0,0,0,0,0,0,0,0,0,0,0,0,0,0,0,0,0,0,0,0,0,0,0,0,0,0,0,0,0,0,0,0,0,0,0,0,0,0,0,0,0,0,0,0,0,0,0,0,0,0,0,0,0,0,0,0,0
"D35PR16",4132,4499,7056,440,6562,900,1716,1566,66,1623,2958,2286,386,2062,428,1550,581,44,416,294,2606,133,158,426,552,76,120,0,43,433,194,167,115,35,162,0,217,11,67,0,0,0,18,117,1,0,0,0,0,8,65,0,23,0,0,0,0,0,0,0,0,0,43,0,63,0,0,145,0,0,17,117,0,0,0,0,55,0,0,0,0,0,0,0,0,0,0,0,33,0,0,44,0,0,0,0,0,0,0,0,0,0,0,0,0,0,0,0,0,0,0,0,0,0,0,0,0,0,0,0,0,0,0,0,0,0,0,0,0,0,0,0,0,0,0,0,0,0,0,0,0,0,0,0,0,0,0,0,0,0,0,0,0,0,0,0,0,0,0,0,0,0,0,0,0,0,0,0,0,0,0,0,0,0,0,0,0,0,0,0,0,0,0,0,0,0,0,0,0,0,0,0,0,0,0,0,0,0,0,0,0,0,0,0,0,0,0,0,0,0,0,0,0,0,0,0,0,0,0,0,0,0,0,0,0,0,0,0,0,0,0,0,0,0,0,0,0,0,0,0,0,0,0,0,0,0,0,0,0,0,0,0,0,0,0,0,0,0,0,0,0,0,0,0,0,0,0,0,0,0,0,0,0,0,0,0,0,0,0,0,0,0,0,0,0,0,0,0,0,0,0,0,0,0,0,0,0,0,0,0,0,0,0,0,0,0,0,0,0,0,0,0,0,0,0,0,0
"P37PR16",10317,3153,9607,2519,5818,2925,975,2343,0,237,3128,326,208,1359,17,286,168,0,89,188,218,336,109,1715,1002,53,227,0,0,201,38,270,38,0,675,0,80,0,0,0,0,0,0,530,0,0,0,0,0,0,13,0,29,0,77,0,0,0,11,0,0,0,279,0,0,0,0,0,0,0,0,0,0,0,0,0,0,0,15,0,0,0,0,0,0,0,0,0,0,45,0,0,0,0,0,0,0,0,0,0,0,0,0,0,0,0,0,0,0,0,0,0,0,0,0,0,0,53,0,0,0,0,0,0,0,0,0,0,0,0,0,0,0,0,0,0,0,0,0,0,0,0,0,0,0,0,0,0,0,0,0,0,0,0,0,0,0,0,0,0,0,0,0,0,0,0,0,0,0,0,0,0,0,0,0,0,0,0,0,0,0,0,0,0,0,0,0,0,0,0,0,0,0,0,0,0,0,0,0,0,0,0,0,0,0,0,0,0,0,0,0,0,0,0,0,0,0,0,0,0,0,0,0,0,0,0,0,0,0,0,0,0,0,0,0,0,0,0,0,0,0,0,0,0,0,0,0,0,0,0,0,0,0,0,0,0,0,0,0,0,0,0,0,0,0,0,0,0,0,0,0,0,0,0,0,0,0,0,0,0,0,0,0,0,0,0,0,0,0,0,0,0,0,0,0,0,0,0,0,0,0,0,0,0,0,0,0,0,0,0,0,0,0,0,0,0,0
"R40PR16",9810,12685,3946,609,6930,3070,3826,1792,0,180,4011,38,186,2938,0,107,210,274,160,190,844,28,295,791,663,19,0,0,0,273,14,0,93,0,1271,0,0,0,0,0,0,0,0,269,0,0,0,106,0,0,38,0,1337,0,187,0,0,0,0,0,0,0,1005,0,0,0,0,0,0,0,0,0,0,0,0,918,0,0,0,0,0,0,0,0,0,0,0,0,0,45,0,0,0,0,0,0,0,0,0,0,0,0,0,0,0,0,0,0,0,0,0,0,0,0,0,0,0,0,0,0,0,0,0,0,0,0,0,0,0,0,0,0,0,0,0,0,0,0,0,0,0,0,0,0,0,0,0,0,0,0,0,0,0,0,0,0,0,0,0,0,0,0,0,0,0,0,0,0,0,0,0,0,0,0,0,0,0,0,0,0,0,0,0,0,0,0,0,0,0,0,0,0,0,0,0,0,0,0,0,0,0,0,0,0,0,0,0,0,0,0,0,0,0,0,0,0,0,0,0,0,0,0,0,0,0,0,0,0,0,0,0,0,0,0,0,0,0,0,0,0,0,0,0,0,0,0,0,0,0,0,0,0,0,0,0,0,0,0,0,0,0,0,0,0,0,0,0,0,0,0,0,0,0,0,0,0,0,0,0,0,0,0,0,0,0,0,0,0,0,0,0,0,0,0,0,0,0,0,0,0,0,0,0,0,0,0,0,0,0,0,0,0,0,0,0,0,0
"M39PR16",9921,7008,8494,1642,7763,6229,6906,1167,0,482,3715,214,405,2209,109,90,313,75,3,159,2317,1179,116,2488,308,0,0,0,0,898,0,0,0,0,1644,0,0,225,30,0,0,3,0,143,0,0,0,22,206,0,18,0,606,0,17,0,0,0,0,0,0,0,280,0,0,0,0,0,0,0,85,0,0,0,0,256,0,0,0,0,0,0,0,0,0,0,0,0,0,16,0,0,0,0,0,0,0,0,0,0,0,0,0,0,0,0,0,0,0,0,0,0,0,0,0,0,0,0,0,0,0,0,0,0,0,0,0,0,0,0,0,0,0,0,0,0,0,0,0,0,0,0,0,0,0,0,0,0,0,0,0,0,0,0,0,0,0,0,0,0,0,0,0,0,0,0,0,0,0,0,0,0,0,0,0,0,0,0,0,0,0,0,0,0,0,0,0,0,0,0,0,0,0,0,0,0,0,0,0,0,0,0,0,0,0,0,0,0,0,0,0,0,0,0,0,0,0,0,0,0,0,0,0,0,0,0,0,0,0,0,0,0,0,0,0,0,0,0,0,0,0,0,0,0,0,0,0,0,0,0,0,0,0,0,0,0,0,0,0,0,0,0,0,0,0,0,0,0,0,0,0,0,0,0,0,0,0,0,0,0,0,0,0,0,0,0,0,0,0,0,0,0,0,0,0,0,0,0,0,0,0,0,0,0,0,0,0,0,0,35,0,0,0,0,0,0,0
"M52PR16",10493,7920,12231,3290,6226,4425,2574,1385,0,226,5180,364,350,1358,45,67,105,59,0,198,362,743,0,1557,166,0,0,0,0,472,49,0,0,0,849,0,16,0,0,0,0,32,52,262,0,0,45,10,0,0,0,0,324,0,704,0,0,0,0,0,0,0,194,0,0,0,0,0,0,0,58,0,0,0,0,14,0,0,0,0,0,0,0,0,0,0,0,0,0,0,0,0,0,0,0,0,0,0,0,0,0,0,0,0,0,0,0,0,0,0,0,0,0,0,0,0,0,0,0,0,0,0,0,0,0,0,0,0,0,0,0,0,0,0,0,0,0,0,0,0,0,0,0,0,0,0,0,0,0,0,0,0,0,0,0,0,0,0,0,0,0,0,0,0,0,0,0,0,0,0,0,0,0,0,0,0,0,0,0,0,0,0,0,0,0,0,0,0,0,0,0,0,0,0,0,0,0,0,0,0,0,0,0,0,0,0,0,0,0,0,0,0,0,0,0,0,0,0,0,0,0,0,0,0,0,0,0,0,0,0,0,0,0,0,0,0,0,0,0,0,0,0,0,0,0,0,0,0,0,0,0,0,0,0,0,0,0,0,0,0,0,0,0,0,0,0,0,0,0,0,0,0,0,0,0,0,0,0,0,0,0,0,0,0,0,0,0,0,0,0,0,0,0,0,0,0,0,0,0,0,0,0,0,0,0,0,0,0,0,0,0,0,0,0,0,0,0
"M44PR16",13934,4309,4265,578,2269,741,136,169,0,0,1123,0,49,6,350,1427,0,0,296,221,230,0,0,147,266,0,0,0,0,19,0,9,0,0,159,0,0,0,0,0,0,0,143,422,0,0,0,0,0,0,0,0,0,0,1124,0,0,0,60,0,0,0,0,0,35,0,9,0,0,0,0,0,0,0,0,0,0,0,0,80,0,0,0,0,0,0,0,0,0,0,0,0,0,0,0,0,0,0,3,0,0,0,0,0,0,0,0,0,0,0,0,0,0,0,0,0,0,0,0,0,0,0,0,0,0,0,0,0,0,0,0,0,0,0,0,0,0,0,0,0,0,0,0,0,0,0,0,0,0,0,0,0,0,0,0,0,0,0,0,0,0,0,0,0,0,0,0,0,0,0,0,0,0,0,0,0,0,0,0,0,0,0,0,0,0,0,0,0,0,0,0,0,0,0,0,0,0,0,0,0,0,0,0,0,0,0,0,0,0,0,0,0,0,0,0,0,0,0,0,0,0,0,0,0,0,0,0,0,0,0,0,0,0,0,0,0,0,0,0,0,0,0,0,0,0,0,0,0,0,0,0,0,0,0,0,0,0,0,0,0,0,0,0,0,0,0,0,0,0,0,0,0,0,0,0,0,0,0,0,0,0,0,0,0,0,0,0,0,0,0,0,0,0,0,0,0,0,0,0,0,0,0,0,0,0,0,0,0,0,0,0,0,0,0,0,0,0
"W36PR16",3209,6892,4521,535,4683,361,394,516,0,84,1942,0,96,757,190,1033,0,0,131,34,460,76,103,214,399,39,0,0,0,13,21,0,0,0,378,0,0,0,0,0,0,0,5,265,0,0,0,0,0,0,0,0,0,0,0,0,0,0,0,0,0,0,137,64,2,0,98,0,0,0,0,0,0,0,0,0,0,0,0,61,0,0,0,0,0,0,0,0,0,0,0,0,0,0,0,0,0,0,0,0,0,0,0,0,0,0,0,0,0,0,0,0,0,0,0,0,0,0,0,0,0,0,0,0,0,0,0,0,0,0,0,0,0,0,0,0,0,0,0,0,0,0,0,0,0,0,0,0,0,0,0,0,0,0,0,0,0,0,0,0,0,0,0,0,0,0,0,0,0,0,0,0,0,0,0,0,0,0,0,0,0,0,0,0,0,0,0,0,0,0,0,0,0,0,0,0,0,0,0,0,0,0,0,0,0,0,0,0,0,0,0,0,0,0,0,0,0,0,0,0,0,0,0,0,0,0,0,0,0,0,0,0,0,0,0,0,0,0,0,0,0,0,0,0,0,0,0,0,0,0,0,0,0,0,0,0,0,0,0,0,0,0,0,0,0,0,0,0,0,0,0,0,0,0,0,0,0,0,0,0,0,0,0,0,0,0,0,0,0,0,0,0,0,0,0,0,0,0,0,0,0,0,0,0,0,0,0,0,0,0,0,0,0,0,0,0,0
"K53PR16",1048,877,1340,403,1221,574,106,176,0,124,574,108,75,162,121,1194,0,0,88,167,68,0,0,24,0,0,0,0,0,0,0,0,0,0,47,0,0,0,0,0,0,0,414,0,0,0,0,0,0,0,0,0,0,0,38,0,0,0,0,0,0,0,0,5861,19,0,2804,0,0,2,0,0,0,0,0,0,0,0,0,568,0,232,0,233,0,0,0,0,0,0,0,0,0,0,0,0,0,0,226,0,0,0,0,0,0,0,0,0,0,0,0,0,950,0,479,0,1687,0,0,0,0,0,0,0,0,0,0,8,0,0,610,0,0,0,0,0,0,0,0,0,0,126,0,0,0,0,0,0,0,0,0,0,0,0,0,771,0,0,0,636,756,0,0,0,567,0,0,0,0,347,0,0,0,0,0,0,0,0,0,0,0,0,0,0,0,0,0,0,0,0,0,0,0,0,47,0,0,0,0,0,0,0,234,0,109,0,0,0,0,388,0,0,0,0,0,0,0,223,75,0,0,0,0,0,0,0,0,0,0,265,0,0,0,0,0,0,207,0,0,0,0,0,0,127,0,0,55,0,70,0,170,41,0,0,0,0,0,0,0,0,0,0,0,0,0,0,0,47,0,0,0,134,0,0,0,0,0,0,0,0,0,0,105,0,0,64,0,0,0,0,45,1,0,0,0,0,0,66,0,6,24,0,0,0,0,0,0,0,4,0,0,0,0,0,0,0,0
"M51PR16",5936,3539,1867,7564,2094,6704,2419,13271,96,827,1334,2664,366,141,0,22,1209,728,67,305,131,153,3896,1905,98,6934,0,0,1310,828,842,0,832,269,270,3062,297,0,0,0,0,133,0,156,90,0,222,505,180,81,609,97,85,0,223,0,0,11,0,0,2,1711,90,0,0,115,0,0,0,0,74,0,0,349,0,41,0,0,0,0,0,0,0,0,0,24,0,0,0,0,0,0,0,0,0,0,0,0,0,0,0,0,0,0,0,0,0,0,0,0,274,0,0,0,0,0,0,0,0,0,0,0,8,0,0,0,0,0,0,0,0,0,0,0,0,0,0,0,0,0,0,0,0,0,0,0,0,0,0,0,0,0,0,0,0,0,0,0,0,0,0,0,0,0,0,0,0,0,0,0,16,0,0,0,0,0,0,0,0,0,0,0,0,0,0,0,0,0,0,0,0,0,0,0,0,0,0,0,0,0,0,0,0,0,0,0,0,0,0,0,0,0,0,0,0,0,0,0,0,0,0,0,0,0,0,0,0,0,0,0,0,0,0,0,0,0,0,0,0,0,0,0,0,0,0,0,0,0,0,0,0,0,0,0,0,0,0,0,0,0,0,0,0,0,0,0,0,0,0,0,0,0,0,0,0,0,0,0,0,0,0,0,0,0,0,0,0,0,0,0,0,0,0,0,0,0,0,0,0,0,0,0,0,0,0,0,0,0,0,0,0,0,0,0,0,0,0
"G410516",6448,3637,6260,728,7417,624,1493,9562,5163,1414,3053,3742,427,1677,2,378,273,0,17,84,1830,373,2522,404,423,773,0,0,188,187,781,0,694,495,268,454,740,0,101,0,0,53,90,404,679,0,0,0,646,250,631,27,33,0,62,0,0,107,0,0,386,149,19,0,0,124,0,0,0,0,270,0,0,52,0,0,0,0,27,0,0,0,0,0,0,0,0,0,0,0,0,0,0,0,0,0,0,0,0,0,0,0,0,0,0,0,0,0,0,0,0,0,0,0,0,0,0,19,0,0,0,0,0,0,0,0,0,0,0,0,0,0,0,0,0,0,0,0,0,0,0,0,0,0,0,0,0,0,0,0,0,0,0,0,0,0,0,0,0,0,0,0,0,0,0,0,0,0,0,0,0,0,0,0,0,0,0,0,0,0,0,0,0,0,0,0,0,0,0,0,0,0,0,0,0,0,0,0,0,0,0,0,0,0,0,0,0,0,0,0,0,0,0,0,0,0,0,0,0,0,0,0,0,0,0,0,0,0,0,0,0,0,0,0,0,0,0,0,0,0,0,0,0,0,0,0,0,0,0,0,0,0,0,0,0,0,0,0,0,0,0,0,0,0,0,0,0,0,0,0,0,0,0,0,0,0,0,0,0,0,0,0,0,0,0,0,0,0,0,0,0,0,0,0,0,0,0,0,0,0,0,0,0,0,0,0,0,0,0,0,0,0,0,0,0,0,0
"D460516",13606,5086,15565,3098,11605,817,1663,3211,61,1007,3797,556,636,1308,0,121,104,0,0,29,2724,1578,502,1754,541,631,0,0,70,343,397,0,304,163,92,373,395,0,155,0,0,66,0,18,129,0,0,0,0,241,284,0,82,0,34,0,0,49,0,0,97,0,306,0,0,119,0,0,0,0,13,0,0,10,0,0,0,0,0,0,0,0,0,0,0,0,0,0,0,0,0,0,0,0,0,0,0,0,0,0,0,0,0,0,0,0,0,0,0,0,0,0,0,0,0,0,0,0,0,0,0,0,0,0,0,0,0,0,0,0,0,0,0,0,0,0,0,0,0,0,0,0,0,0,0,0,0,0,0,0,0,0,0,0,0,0,0,0,0,0,0,0,0,0,0,0,0,0,0,0,0,0,0,0,0,0,0,0,0,0,0,0,0,0,0,0,0,0,0,0,0,0,0,0,0,0,0,0,0,0,0,0,0,0,0,0,0,0,0,0,0,0,0,0,0,0,0,0,0,0,0,0,0,0,0,0,0,0,0,0,0,0,0,0,0,0,0,0,0,0,0,0,0,0,0,0,0,0,0,0,0,0,0,0,0,0,0,0,0,0,0,0,0,0,0,0,0,0,0,0,0,0,0,0,0,0,0,0,0,0,0,0,0,0,0,0,0,0,0,0,0,0,0,0,0,0,0,0,0,0,0,0,0,0,0,0,0,0,0,0,0,0,0,0,0,0,0
"J450516",5625,1287,2213,981,1660,810,1335,627,61,97,1210,86,81,147,96,685,88,42,102,43,760,6,210,577,52,121,743,0,89,46,4,986,99,0,718,25,0,0,0,0,0,18,53,125,0,0,31,0,0,0,0,0,586,0,85,0,0,0,0,0,0,0,0,0,0,0,0,0,0,0,0,0,0,0,0,0,0,0,0,0,0,0,0,0,0,0,0,0,0,0,0,0,0,0,0,0,54,0,0,0,0,0,0,0,0,0,0,0,0,0,0,0,0,0,0,0,0,0,0,0,0,0,0,0,0,0,0,0,0,0,0,0,0,0,0,0,0,0,0,0,0,0,0,0,0,0,0,0,0,0,0,0,0,0,0,0,0,0,0,0,0,0,0,0,0,0,0,0,0,0,0,0,0,0,0,0,0,0,0,0,0,0,0,0,0,0,0,0,0,0,0,0,0,0,0,0,0,0,0,0,0,0,0,0,0,0,0,0,0,0,0,0,0,0,0,0,0,0,0,0,0,0,0,0,0,0,0,0,0,0,0,0,0,0,0,0,0,0,0,0,0,0,0,0,0,0,0,0,0,0,0,0,0,0,0,0,0,0,0,0,0,0,0,0,0,0,0,0,0,0,0,0,0,0,0,0,0,0,0,0,0,0,0,0,0,0,0,0,0,0,0,0,0,0,0,0,0,0,0,0,0,0,0,0,0,0,0,0,0,0,0,0,0,0,0,0,0
"C340516",3487,2064,3660,377,3352,376,859,11007,14504,1000,1930,1858,259,258,228,656,624,28,274,78,1001,698,4766,272,73,4947,40,0,1001,34,1904,160,2353,1197,29,1145,340,0,0,0,0,0,5,69,1211,0,0,0,1183,366,1014,25,0,0,56,0,0,171,0,0,396,0,0,0,0,1148,0,111,0,0,115,109,0,172,0,0,94,0,663,0,0,0,0,0,0,27,0,0,61,0,0,82,0,0,0,0,0,0,0,0,0,0,0,0,0,40,0,0,0,0,0,0,0,0,0,0,0,0,0,0,0,0,58,192,0,0,52,0,0,0,0,0,0,0,0,0,0,0,0,0,0,0,0,0,0,0,0,0,0,0,0,0,0,0,0,0,42,0,0,0,0,0,0,0,0,0,0,0,0,0,0,0,0,0,0,0,0,0,0,0,0,0,0,0,0,0,0,0,0,0,0,0,0,0,0,0,0,0,0,0,0,0,0,0,0,0,0,0,0,0,0,0,0,0,0,0,0,0,0,0,0,0,0,0,0,0,0,0,0,0,0,0,0,0,0,0,0,0,0,0,0,0,0,0,0,0,0,0,0,0,0,0,0,0,0,0,0,0,0,0,0,0,0,0,0,0,0,0,0,0,0,0,0,0,0,0,0,0,0,0,0,0,0,0,0,0,0,0,0,0,0,0,0,0,0,0,0,0,0,0,0,0,0,0,0,0,0,0,0,0,0,0,0,0,0,0,0
"P430516",3873,2352,1965,2227,3886,6828,1891,1402,551,448,1404,654,336,9,178,501,315,0,523,243,984,0,1375,1317,159,709,207,0,132,1586,147,270,650,66,855,0,1,0,0,0,0,0,4,167,0,0,0,28,0,0,246,0,0,0,231,0,0,0,308,0,8,18,102,0,0,0,0,0,156,0,0,0,0,0,0,0,0,0,609,0,0,0,0,0,0,0,39,0,0,286,60,0,0,0,0,0,0,0,0,0,40,0,0,13,0,0,0,0,0,0,0,0,0,0,0,0,0,0,0,0,0,0,0,0,0,0,0,0,0,0,0,0,0,0,0,0,0,0,0,0,0,0,0,0,0,0,0,0,0,0,0,0,0,0,0,0,0,0,0,0,0,0,0,0,0,0,0,0,0,0,0,0,0,0,0,0,0,0,0,0,0,0,0,0,0,0,0,0,0,0,0,0,0,0,0,0,0,0,0,0,0,34,0,0,0,0,0,0,0,0,0,0,0,0,0,0,0,0,0,0,0,0,0,0,0,0,0,0,0,0,0,0,0,0,0,0,0,0,0,0,0,0,0,0,0,0,0,0,0,0,0,0,0,0,0,0,0,0,0,0,0,0,0,0,0,0,0,0,0,0,0,0,0,0,0,0,0,0,0,0,0,0,0,0,0,0,0,0,0,0,0,0,0,0,0,0,0,0,0,0,0,0,0,0,0,0,0,0,0,0,0,0,0,0,0,0,0
"M480516",9401,508,1145,4126,3502,3533,997,190,0,179,3580,0,235,0,346,774,256,0,2663,279,202,0,1390,224,162,0,0,0,0,0,0,0,453,41,110,0,0,0,0,0,0,4,0,178,0,0,0,0,0,0,0,0,518,0,1438,0,0,0,0,0,0,0,0,0,0,0,0,0,0,0,0,0,0,0,0,0,0,0,0,16,18,0,0,0,0,0,0,0,0,0,0,0,0,0,0,0,136,0,0,0,0,0,0,0,0,0,0,0,0,0,0,316,0,0,0,0,0,0,0,0,0,0,0,0,0,0,0,0,0,0,0,0,0,0,0,0,0,0,0,0,0,0,0,0,0,0,0,0,0,0,0,0,0,0,0,0,0,0,0,0,0,0,0,0,0,0,0,0,0,0,0,0,0,0,0,0,0,0,0,0,0,0,0,0,0,0,0,0,0,0,0,0,0,0,0,0,0,0,0,0,0,0,0,0,0,0,0,0,0,0,0,0,0,0,0,0,0,0,0,0,0,0,0,0,0,0,0,0,0,0,0,0,0,0,0,0,0,0,0,0,0,0,0,0,0,0,0,0,0,0,0,0,0,0,0,0,0,92,0,0,0,0,0,0,0,0,0,0,0,0,0,0,0,0,0,0,0,0,0,0,0,0,0,0,0,0,0,0,0,0,0,0,0,0,0,0,0,0,0,0,0,0,0,0,0,0,0,0,0,0,0,0,0,0,0,0,0
"S420516",5951,6512,9905,2158,10845,2077,2490,511,47,111,4280,233,206,1095,78,440,213,124,58,206,3097,171,91,1272,1161,8,0,0,0,1642,0,0,0,0,931,0,0,0,0,20,0,0,0,153,0,0,0,119,0,0,8,0,41,0,143,0,0,0,0,0,0,0,574,0,0,0,0,0,0,0,0,0,0,0,0,39,0,0,0,0,0,0,0,0,0,0,0,0,0,0,0,0,0,0,0,0,0,0,0,0,0,0,0,0,0,0,0,0,0,0,0,0,0,0,0,0,0,332,0,0,0,0,0,0,0,0,0,0,0,0,0,0,0,0,0,0,0,0,0,0,0,0,0,0,0,0,0,0,0,0,0,0,0,0,0,0,0,0,0,0,0,0,0,0,0,0,0,0,0,0,38,0,0,0,0,0,0,0,0,0,0,0,0,0,0,0,0,0,0,0,0,0,0,0,0,0,0,0,0,0,0,0,0,0,0,0,0,0,0,0,0,0,0,0,0,0,0,0,0,0,0,0,0,0,0,0,0,0,0,0,0,0,0,0,0,0,0,0,0,0,0,0,0,0,0,0,0,0,0,0,0,0,0,0,0,0,0,0,0,0,0,0,0,0,0,0,0,0,0,0,0,0,0,0,0,0,0,0,0,0,0,0,0,0,0,0,0,0,0,0,0,0,0,0,0,0,0,0,0,0,0,0,0,0,0,0,0,0,0,0,0,0,0,0,0,0,0
"F470516",12038,6557,11181,3652,10436,2471,1874,4082,3080,669,3281,2786,661,703,155,136,153,133,23,205,2429,56,419,1186,180,300,0,0,123,440,654,0,21,439,189,110,186,0,48,0,0,392,17,698,88,0,17,0,1450,403,228,52,153,0,246,0,0,38,0,0,376,0,105,0,0,184,0,0,0,0,31,0,0,0,0,0,0,0,193,0,0,0,0,0,0,25,0,0,0,0,0,0,0,0,0,0,0,0,0,0,0,0,0,0,0,0,0,0,0,0,0,0,0,0,0,0,0,0,0,0,0,0,0,0,0,0,17,0,0,0,0,0,0,0,0,0,0,0,0,0,0,0,0,0,0,0,0,0,0,0,0,0,0,0,0,0,0,0,0,0,0,0,0,0,0,0,0,0,0,0,0,0,0,0,0,0,0,0,0,0,0,0,0,0,0,0,0,0,0,0,0,0,0,0,0,0,0,0,0,0,0,0,0,0,0,0,0,0,0,0,0,0,0,0,0,0,0,0,0,0,0,0,0,0,0,0,0,0,0,0,0,0,0,0,0,0,0,0,0,0,0,0,0,0,0,0,0,0,0,0,0,0,0,0,0,0,0,0,0,0,0,0,0,0,0,0,0,0,0,0,0,0,0,0,0,0,0,0,0,0,0,0,0,0,0,0,0,0,0,0,0,0,0,0,0,0,0,0,0,0,0,0,0,0,0,0,0,0,0,0,0,0,0,0,0,0,0
"L500516",7098,6124,9670,2501,8786,7014,3631,5020,132,458,5018,660,675,449,151,687,1451,761,274,466,1062,0,290,2687,138,18,0,0,199,1176,920,6,31,0,2153,23,0,41,22,0,0,87,47,116,53,0,41,212,70,69,153,26,1208,0,0,0,0,51,327,0,0,0,361,0,0,0,18,0,69,0,0,0,0,0,0,52,0,0,62,0,0,0,0,0,0,0,32,0,0,163,39,0,0,0,0,0,0,54,0,0,52,0,0,0,0,0,75,0,0,0,0,0,0,0,0,0,0,0,0,0,0,0,0,0,0,0,0,0,0,0,0,0,0,0,0,0,0,0,0,0,0,0,0,0,0,0,0,0,0,0,0,0,0,0,0,0,0,0,0,0,0,0,0,0,0,0,0,0,0,0,0,0,0,0,0,0,0,0,0,4,0,0,0,0,0,0,0,0,0,0,0,0,0,0,0,0,0,0,0,0,0,0,0,0,0,0,0,0,0,0,0,0,0,0,0,0,0,0,0,0,0,0,0,0,0,0,0,0,0,0,0,0,0,0,0,0,0,0,0,0,0,0,0,0,0,0,0,0,0,0,0,0,0,0,0,0,0,0,0,0,0,0,0,0,0,0,0,0,0,0,0,0,0,0,0,0,0,0,0,0,0,0,0,0,0,0,0,0,0,0,0,0,0,0,0,0,0,0,0,0,0,0,0,0,0,0,0,0,0,0,0,0,0,0,0,0,0
"D350516",1855,3769,2787,478,3549,585,2349,4418,870,3087,2095,1234,895,409,196,998,500,241,443,191,788,201,3478,263,301,665,0,0,616,641,1235,0,1902,1014,354,266,164,0,48,0,0,51,59,47,933,0,5,0,868,438,185,186,0,0,0,0,0,1031,134,0,443,209,0,0,0,15,0,0,171,0,267,0,0,0,0,0,0,0,0,0,0,0,0,0,0,40,60,0,0,0,6,0,0,0,16,0,0,0,0,11,0,0,0,45,0,0,0,0,0,0,0,0,0,0,0,0,0,0,0,0,0,0,0,0,0,0,0,0,0,0,0,0,0,0,0,0,0,0,0,0,0,0,0,0,0,0,0,0,0,0,0,0,0,0,0,0,0,0,0,0,0,0,0,0,0,0,0,0,0,0,0,0,0,0,0,0,0,0,0,0,0,0,0,0,0,0,0,0,0,0,0,0,0,0,0,0,0,0,0,0,0,0,0,0,0,0,0,0,0,0,0,0,0,0,0,0,0,0,0,0,0,0,0,0,0,0,0,0,0,0,0,0,0,0,0,0,0,0,0,0,0,0,0,0,0,0,0,0,0,0,0,0,0,0,0,0,0,0,0,0,0,0,0,0,0,0,0,0,0,0,0,0,0,0,0,0,0,0,0,0,0,0,0,0,0,0,0,0,0,0,0,0,0,0,0,0,0,0,0,0,0,0,0,0,0,0,0,0,0,0,0,0,0,0,0,0,0
"P370516",6844,5993,9315,4976,6448,3878,1282,1702,0,621,3016,392,881,1147,152,846,321,536,370,487,2927,471,120,2666,1253,0,0,0,137,1379,80,0,5,14,458,0,0,0,121,10,0,56,55,532,0,0,0,0,0,0,0,69,99,0,0,0,0,0,479,0,0,0,29,0,0,0,4,0,146,0,6,0,0,0,0,0,0,0,0,0,0,0,0,0,0,0,62,0,0,0,131,0,0,0,0,0,0,29,0,0,49,0,0,32,0,0,26,0,0,0,0,0,0,0,0,0,0,36,0,0,0,0,0,0,0,0,0,0,0,0,0,0,0,0,0,0,0,0,0,0,0,0,0,0,0,0,0,0,0,0,0,0,0,0,0,0,0,0,0,0,0,0,0,0,0,0,0,0,0,0,0,0,0,0,0,0,0,0,0,0,0,0,0,0,0,0,0,0,0,0,0,0,0,0,0,0,0,0,0,0,0,0,0,0,0,0,0,0,0,0,0,0,0,0,0,0,0,0,0,0,0,0,0,0,0,0,0,0,0,0,0,0,0,0,0,0,0,0,0,0,0,0,0,0,0,0,0,0,0,0,0,0,0,0,0,0,0,0,0,0,0,0,0,0,0,0,0,0,0,0,0,0,0,0,0,0,0,0,0,0,0,0,0,0,0,0,0,0,0,0,0,0,0,0,0,0,0,0,0,0,0,0,0,0,0,0,0,0,0,0,0,0,0,0,0,0,0
"R400516",10274,6717,5893,365,6911,2953,986,3193,275,704,2971,1334,959,528,174,597,3120,1168,221,472,2931,379,1371,1283,3386,812,0,0,375,1080,365,1,494,268,288,293,151,2,145,0,184,71,3,566,75,63,163,30,0,67,112,7,0,0,0,0,0,38,213,0,17,187,39,0,0,0,0,0,57,0,0,0,0,0,0,34,0,0,0,0,0,0,0,0,0,0,32,0,0,130,29,0,0,0,0,0,0,0,0,0,0,0,0,0,0,0,0,0,0,0,0,0,0,0,0,0,0,0,0,0,0,0,0,0,0,0,0,0,0,0,0,0,0,0,0,0,0,0,0,0,0,0,0,0,0,0,0,0,0,0,0,0,0,0,0,0,0,0,0,0,0,0,0,0,0,0,0,0,0,0,0,0,0,0,0,0,0,0,0,0,0,0,0,0,0,0,0,0,0,0,0,0,0,0,0,0,0,0,0,0,0,0,0,0,0,0,0,0,0,0,0,0,0,0,0,0,0,0,0,0,0,0,0,0,0,0,0,0,0,0,0,0,0,0,0,0,0,0,0,0,0,0,0,0,0,0,0,0,0,0,0,0,0,0,0,0,0,0,0,0,0,0,0,0,0,0,0,0,0,0,0,0,0,0,0,0,0,0,0,0,0,0,0,0,0,0,0,0,0,0,0,0,0,0,0,0,0,0,0,0,0,0,0,0,0,0,0,0,0,0,0,0,0,0,0,0,0
"M390516",6390,5912,7543,859,6471,831,1215,6358,84,568,2651,705,612,635,118,579,313,239,37,149,3621,173,1767,901,200,342,0,0,115,420,543,0,608,148,48,13,0,0,21,0,0,8,168,365,118,0,0,0,539,59,344,2,83,0,0,0,0,0,0,0,0,0,45,0,0,39,0,0,0,0,0,0,0,0,0,47,0,0,61,0,0,0,0,0,0,0,0,0,0,0,0,0,0,0,0,0,0,0,0,0,0,0,0,0,0,0,0,0,0,0,0,0,0,2,0,0,0,0,0,0,0,0,87,43,0,0,0,0,0,0,0,0,0,0,0,0,0,0,0,0,0,0,0,0,0,0,0,0,0,0,0,0,0,0,0,0,0,0,0,0,0,0,0,0,0,0,0,0,0,0,0,0,0,0,0,0,0,0,0,0,0,0,0,0,0,0,0,0,0,0,0,0,0,0,0,0,0,0,0,0,0,0,0,0,0,0,0,0,0,0,0,0,0,0,0,0,0,0,0,0,0,0,0,0,0,0,0,0,0,0,0,0,0,0,0,0,0,0,0,0,0,0,0,0,0,0,0,0,0,0,0,0,0,0,0,0,0,0,0,0,0,0,0,0,0,0,0,0,0,0,0,0,0,0,0,0,0,0,0,0,0,0,0,0,0,0,0,0,0,0,0,0,0,0,0,0,0,0,0,0,0,0,0,0,0,0,0,0,0,0,0,0,0,0,0,0,0
"M520516",13063,8282,13061,4423,10187,4886,3373,2059,0,627,5446,549,701,1072,68,1265,738,313,0,882,4190,147,234,2834,785,0,27,0,0,1685,42,130,48,0,608,0,53,57,57,0,0,5,0,12,0,0,114,0,0,0,0,0,680,0,384,0,0,0,0,0,0,0,451,0,63,0,12,0,0,0,7,0,0,0,0,25,0,0,0,0,239,0,0,0,0,0,1,0,0,14,0,0,0,807,86,0,0,0,0,81,0,0,0,0,68,0,0,104,0,64,0,0,0,0,0,0,0,14,0,0,0,70,0,0,0,0,0,0,0,9,0,0,0,0,0,0,0,72,0,0,0,0,0,0,0,0,0,0,0,0,0,0,0,0,0,0,0,0,0,0,0,0,0,0,0,0,0,0,20,0,0,0,0,0,0,0,0,0,0,0,0,0,0,460,0,0,0,0,0,0,0,0,43,0,0,0,0,0,0,0,0,0,0,0,0,0,0,0,0,0,0,0,0,0,0,0,0,0,0,0,0,0,0,0,0,0,0,0,0,0,0,0,0,0,0,0,0,0,0,0,0,0,0,0,0,0,0,0,0,0,0,0,0,0,0,0,0,0,0,0,0,0,0,0,0,0,0,0,0,0,0,0,0,0,0,0,0,0,0,0,0,0,0,0,0,0,0,0,0,0,0,0,0,0,0,0,0,0,0,0,0,0,0,0,0,0,0,0,0,0,0,0,0,0,0,0,0
"M440516",12753,7405,3288,1936,4500,1354,1430,293,0,545,1271,503,561,947,31,758,375,263,0,699,8477,225,20,894,421,0,0,0,88,1504,57,0,0,0,207,0,0,0,117,0,0,72,157,442,0,0,4,0,0,0,0,13,252,0,0,0,0,0,0,0,0,0,0,0,0,0,100,0,0,4357,0,0,0,0,0,259,0,1437,0,0,0,0,0,0,0,0,0,0,0,0,0,0,0,0,0,0,0,0,0,0,0,1264,0,0,0,0,0,0,0,0,0,0,100,0,0,0,0,0,0,0,0,0,0,0,0,105,0,0,0,0,0,0,0,0,0,0,0,0,0,0,0,0,0,0,0,0,0,0,0,0,0,0,0,0,0,0,0,0,0,0,0,0,0,0,0,0,0,0,0,0,0,0,0,0,0,0,0,0,0,0,0,0,0,0,0,0,0,0,0,0,0,0,0,0,0,0,0,0,0,0,0,0,0,0,0,0,0,0,0,0,0,0,0,0,0,0,0,0,0,0,0,0,0,0,0,0,0,0,0,0,0,13,0,0,0,0,0,0,0,0,183,0,0,0,0,0,0,0,0,0,0,0,0,0,0,0,90,0,0,0,0,0,0,0,0,0,0,0,0,0,0,0,0,0,0,0,0,0,0,0,0,0,0,0,19,0,0,0,48,0,0,0,0,26,0,0,0,0,0,0,0,40,0,0,0,0,0,0,0,0,0,0,0,8,0,0,0
"W360516",5391,6139,8609,571,7175,1318,1409,240,0,816,4981,754,517,2455,166,1339,153,112,304,143,1606,482,14,1140,197,6,0,0,0,179,79,0,20,0,63,0,56,0,64,137,0,31,10,140,0,0,0,0,0,0,0,0,46,0,0,0,0,0,0,0,0,0,281,0,73,0,0,0,0,0,29,0,0,0,13,1,0,0,0,0,0,0,0,0,0,0,0,0,0,0,0,0,0,0,0,0,0,0,0,0,0,0,0,0,0,0,0,0,0,0,0,0,0,0,0,0,0,107,0,0,0,0,0,0,0,0,0,0,0,0,0,0,0,0,0,0,0,0,0,0,0,0,0,0,0,0,0,0,0,0,0,0,0,0,0,0,0,0,0,0,0,0,0,0,0,0,0,0,0,0,0,0,0,0,0,0,0,0,0,0,0,0,0,0,0,0,0,0,0,0,0,0,0,0,0,0,0,0,0,0,0,0,0,0,0,152,0,0,0,0,0,0,0,0,0,0,0,0,0,0,0,0,0,0,0,0,0,0,0,0,0,0,0,0,0,0,0,0,0,0,0,0,0,0,0,0,0,0,0,0,0,0,0,0,0,0,0,0,0,0,0,0,0,0,0,0,0,0,0,0,0,0,0,0,0,0,0,0,0,0,0,0,0,0,0,0,0,0,0,0,0,0,0,0,0,0,0,0,0,0,0,0,0,0,0,0,0,0,0,0,0,0,0,0,0,0,0
"K530516",4063,3769,5521,861,3906,1815,2049,7132,0,1011,2635,1110,874,2130,125,891,148,153,410,208,485,205,51,795,511,46,0,0,129,192,733,0,66,0,264,0,53,0,4,0,0,53,104,169,146,0,15,0,268,0,171,110,26,0,0,0,0,0,545,0,45,0,168,0,0,62,0,0,295,0,39,0,0,0,0,0,0,0,326,0,63,0,0,0,0,0,99,0,0,0,113,0,0,0,65,0,0,0,0,52,92,0,0,95,0,0,0,16,0,0,0,0,0,0,0,0,0,0,0,0,0,0,0,117,0,0,0,0,0,0,0,0,0,0,0,0,0,0,0,0,0,0,0,0,0,0,0,0,0,0,0,0,0,0,0,0,0,0,0,0,0,0,0,0,0,0,0,0,0,0,0,0,0,0,0,0,0,0,0,0,0,0,0,0,0,0,0,0,0,0,0,0,0,0,0,0,0,0,0,0,0,0,0,0,0,0,0,0,0,0,0,0,0,0,0,0,0,0,0,0,0,0,0,0,0,0,0,0,0,0,0,0,0,0,0,0,0,0,0,0,0,0,0,0,0,0,0,0,0,0,0,0,0,0,0,0,0,0,0,0,0,0,0,0,0,0,0,0,0,0,0,0,0,0,0,0,0,0,0,0,0,0,0,0,0,0,0,0,0,0,0,0,0,0,0,0,0,0,0,0,0,0,0,0,0,0,0,0,0,0,0,0,0,0,0,0,0
"M510516",5931,2093,2816,1251,1465,2027,764,1259,4,652,981,69,243,39,114,1194,87,71,47,73,148,0,23,832,0,0,0,0,9,212,89,0,0,0,149,0,0,0,0,0,0,0,17,0,0,0,0,0,0,0,0,0,0,0,0,0,0,0,28,0,0,0,0,0,0,0,0,0,0,0,0,0,0,0,0,0,0,0,153,12,0,0,0,0,0,0,0,0,0,0,0,0,0,0,0,0,0,0,0,0,0,0,0,0,0,0,0,0,0,0,0,0,0,0,0,0,0,0,0,0,0,0,0,0,0,0,0,0,0,0,0,0,0,0,0,0,0,0,0,0,0,0,0,0,0,0,0,0,0,0,0,0,0,0,0,0,0,0,0,0,0,0,0,0,0,0,0,0,0,0,0,0,0,0,0,0,0,0,0,0,0,0,0,0,0,0,0,0,0,0,0,0,0,0,0,0,0,0,0,0,0,0,0,0,0,0,0,0,0,0,0,0,0,0,0,0,0,0,0,0,0,0,0,0,0,0,0,0,0,0,0,0,0,0,0,0,0,0,0,0,0,0,0,0,0,0,0,0,0,0,0,0,0,0,0,0,0,0,0,0,0,0,0,0,0,0,0,0,0,0,0,0,0,0,0,0,0,0,0,0,0,0,0,0,0,0,0,0,0,0,0,0,0,0,0,0,0,0,0,0,0,0,0,0,0,0,0,0,0,0,0,0,0,0,0,0,0
"G411116",2538,2675,429,2709,834,284,2768,269,366,1454,151,4264,1422,2549,16,277,896,3609,0,430,251,2037,213,1188,709,0,77,0,922,167,458,0,0,148,41,0,193,6,62,931,7,64,0,26,259,0,186,240,18,0,0,412,0,0,0,0,0,18,0,0,0,97,0,0,0,0,0,0,0,0,48,0,331,0,0,6,0,0,0,0,0,0,3510,0,0,0,0,0,0,0,0,0,0,0,0,0,12,0,0,0,0,0,0,0,0,0,0,0,2,0,0,0,0,0,0,0,0,0,0,1073,0,0,0,0,0,0,0,0,0,0,0,0,0,0,0,0,0,0,0,0,0,0,0,0,0,0,0,0,0,0,0,0,0,0,0,0,0,0,0,0,0,0,0,0,0,0,0,0,0,0,0,0,0,0,0,0,0,0,0,0,0,0,0,0,0,0,0,0,0,0,0,0,0,0,0,0,0,0,0,0,0,0,0,0,0,0,0,0,0,0,0,0,0,0,0,0,0,0,0,0,0,0,0,0,0,0,0,338,0,0,0,0,0,0,0,0,0,0,0,0,0,0,0,0,0,0,0,0,0,0,0,0,0,0,0,0,0,0,0,0,0,0,0,0,0,0,0,0,0,0,0,0,0,0,0,0,0,0,0,0,0,18,0,0,0,0,0,0,0,0,0,0,0,0,0,0,72,0,0,0,0,0,0,0,0,0,0,0,0,0,0,0,0,0,0,0,0
"D461116",663,868,307,3858,304,641,2750,101,6317,5298,190,5471,1513,482,378,817,1759,2839,0,880,110,266,98,54,178,717,0,0,3997,234,1005,0,0,499,0,346,0,0,577,0,0,405,489,134,152,0,237,0,0,0,64,516,0,0,0,0,0,41,0,0,181,0,0,0,0,0,0,22,0,0,0,0,0,0,0,0,0,0,0,15,0,0,0,0,0,26,0,0,0,0,0,0,0,0,0,0,77,0,0,0,0,0,0,0,0,0,0,0,0,0,0,0,0,0,0,0,0,0,244,0,0,0,0,0,0,0,0,0,0,0,0,0,0,0,0,0,0,0,0,0,0,0,0,0,0,0,0,0,0,0,0,0,0,0,0,0,0,0,0,0,0,0,0,0,0,0,0,0,0,0,0,0,0,0,0,0,0,0,0,0,0,0,0,0,0,0,0,0,0,0,0,0,0,0,0,0,0,0,0,0,0,0,0,0,0,0,0,0,0,0,0,0,0,0,0,0,0,0,0,0,0,0,0,0,0,0,0,0,0,0,0,0,0,0,0,0,0,0,0,0,0,0,0,0,0,0,0,0,0,0,0,0,0,0,0,0,0,0,0,0,0,0,0,0,0,0,0,0,0,0,0,0,0,0,0,0,0,0,0,0,0,0,0,0,0,0,0,0,0,0,0,0,0,0,0,0,0,0,0,0,0,0,0,0,0,0,0,0,0,0,0,0,0,0,0,0,0
"J451116",1297,519,336,7441,374,538,745,515,27,158,123,126,1957,136,1151,5363,919,1367,1916,2332,130,0,21,87,61,1,55,49,125,51,29,305,0,0,176,0,0,285,107,0,727,692,656,65,0,308,179,260,0,0,0,0,0,0,0,0,0,0,320,0,0,0,0,0,358,0,49,0,174,0,0,0,0,0,0,0,0,0,0,20,97,100,0,141,512,0,111,0,0,0,106,0,50,22,0,2769,0,39,7,0,12,0,56,0,0,0,23,0,315,0,0,0,0,0,0,20,0,0,0,31,0,0,0,0,92,0,0,20,0,18,0,0,0,0,41,0,0,0,0,6,41,0,0,0,0,0,0,0,0,0,0,0,0,0,498,0,0,0,0,0,0,0,0,0,0,0,295,0,0,0,0,0,0,0,0,0,0,84,0,0,0,0,28,0,0,0,0,16,0,0,0,0,0,0,0,79,0,0,0,0,0,0,0,0,0,0,0,75,0,0,0,0,0,0,0,0,0,0,0,0,0,0,0,0,0,0,0,0,0,0,0,0,0,0,0,0,0,0,0,0,0,0,0,0,0,0,0,0,0,37,0,0,128,0,0,0,0,0,146,0,0,0,0,0,164,0,0,0,0,0,0,0,0,0,0,90,0,2,0,0,0,0,0,0,0,0,0,0,0,0,0,0,9,0,0,55,0,0,93,0,0,0,62,0,0,0,0,33,0,0,0,0,0,0,34,0,0
"C341116",88,230,0,352,75,122,365,304,8115,1049,0,497,886,127,115,856,480,339,401,283,74,248,88,0,434,110,4,0,546,0,406,70,47,206,0,9,22,0,145,57,341,207,7,0,39,6,104,0,182,174,0,51,0,142,0,0,0,36,0,0,102,0,0,0,7,0,0,0,1,0,0,0,0,0,0,0,0,52,0,0,1430,0,0,0,0,0,79,0,0,0,0,0,159,89,1012,0,0,0,0,570,0,0,101,0,604,0,0,296,25,610,0,0,0,0,0,0,0,0,0,0,0,0,0,0,0,0,0,0,0,443,0,0,0,0,0,0,378,0,274,154,0,0,0,0,198,0,0,0,139,0,66,267,0,0,0,0,0,0,0,0,0,0,212,0,0,169,62,0,210,0,0,0,0,256,26,190,251,107,0,0,184,0,0,0,0,0,0,0,13,12,146,0,123,0,0,90,0,105,0,0,25,0,0,0,0,0,149,0,0,0,0,128,100,0,0,0,4,0,0,56,50,0,0,44,95,81,0,0,0,0,17,0,0,3,35,65,0,49,74,0,0,0,0,0,13,20,0,0,0,0,0,0,0,0,0,0,0,0,0,0,0,0,0,0,0,15,0,0,0,0,10,0,0,0,31,0,23,0,0,0,0,0,0,0,0,0,0,0,0,0,0,0,0,0,0,0,0,0,0,0,0,0,0,0,0,0,0,0,0,0,0,0,0,0,0,0,0
"P431116",4497,3083,324,14520,849,11625,8295,132,1626,2701,63,2611,3069,1266,91,599,2337,2036,126,3969,210,1924,597,1027,6117,19,0,0,363,1467,370,0,39,658,106,0,1141,0,1315,42,574,637,10,462,0,36,137,0,0,271,0,208,0,0,0,0,0,103,49,0,133,0,0,0,0,0,0,0,0,0,0,0,0,0,0,0,0,0,0,0,0,0,0,0,0,7,0,0,0,0,0,0,0,0,0,0,0,0,0,0,0,0,0,0,0,0,0,0,0,0,0,0,0,50,0,0,0,0,1,0,18,0,0,0,0,0,0,0,0,0,0,0,0,0,0,0,0,0,0,0,0,0,0,0,0,0,0,0,0,0,0,0,0,0,0,0,0,0,0,0,0,0,0,0,0,0,0,0,0,0,0,0,0,0,0,0,0,0,0,0,0,0,0,0,0,0,0,0,0,0,0,0,0,0,0,0,0,0,0,0,0,0,0,0,0,0,0,0,0,0,0,0,0,0,0,0,0,0,0,0,0,0,0,0,0,0,0,0,0,0,0,0,0,0,0,0,0,0,0,0,0,0,0,0,0,0,0,0,0,0,0,0,0,0,0,0,0,0,0,0,0,0,0,0,0,0,0,0,0,0,0,0,0,0,0,0,0,0,0,0,0,0,0,0,0,0,0,0,0,0,0,0,0,0,0,0,0,0,0,0,0,0,0,0,0,0,0,0,0,0,0,0,0,0,0,0,0
"M481116",945,902,137,1384,268,5660,1913,771,0,2213,37,1353,1826,421,544,4030,5754,1941,868,2916,30,233,182,406,936,359,31,0,217,529,0,81,164,0,1,0,233,70,385,0,741,171,167,16,0,6633,85,0,0,0,0,0,0,0,0,0,0,0,111,0,0,129,0,0,180,0,0,0,13,0,0,0,0,0,0,0,0,16,0,0,0,0,0,45,0,0,0,0,0,0,0,0,0,0,0,0,0,0,0,0,0,0,0,0,0,0,0,0,0,0,0,0,0,0,0,0,0,0,0,0,0,0,0,0,0,0,0,0,0,0,0,0,0,0,0,0,0,0,0,0,0,0,0,0,0,0,0,0,0,0,0,0,0,0,0,0,0,0,0,0,0,0,0,0,0,0,0,0,0,0,0,0,0,0,0,0,0,0,0,0,0,0,0,0,0,0,0,0,0,0,0,0,0,0,0,0,0,0,0,0,0,0,0,0,0,0,0,0,0,0,0,0,0,0,0,0,0,0,0,0,0,0,0,0,0,0,0,0,0,0,0,0,0,0,0,0,0,0,0,0,0,0,0,0,0,0,0,0,0,0,0,0,0,0,0,0,0,0,0,0,0,0,0,0,0,0,0,0,0,0,0,0,0,0,0,0,0,0,0,0,0,0,0,0,0,0,0,0,0,0,0,0,0,0,0,0,0,0,0,0,0,0,0,0,0,0,0,0,0,0,0,0,0,0,0,0,0
"S421116",353,568,188,2924,205,726,1310,133,96,291,0,566,1340,75,100,622,3000,3139,121,2007,136,153,51,8,49,0,14,0,55,168,15,68,0,0,0,0,0,0,25,0,0,194,116,4,0,427,111,0,0,0,0,0,0,58,0,0,0,0,0,0,0,0,0,0,0,0,0,0,0,0,0,0,0,0,0,0,0,0,0,0,904,0,0,0,0,0,46,0,0,0,0,0,90,56,735,0,0,0,0,310,0,0,62,0,333,0,0,404,75,551,0,0,0,0,0,0,0,0,120,0,0,0,0,0,0,0,0,0,0,280,0,0,0,0,0,0,211,0,175,87,16,0,0,0,134,0,0,0,222,0,15,138,0,0,0,0,0,0,0,0,0,0,157,0,0,162,0,0,89,0,0,0,0,150,0,52,134,37,0,0,101,0,0,0,0,0,0,0,3,0,105,0,90,0,0,17,0,45,0,0,67,0,0,0,0,0,61,0,0,0,0,39,25,0,0,8,0,0,0,17,26,0,0,1,43,20,0,0,0,0,0,0,0,0,0,0,0,23,0,0,0,0,0,0,2,0,0,0,0,0,0,0,0,0,0,0,0,0,0,0,0,0,0,0,0,0,6,0,0,0,0,0,0,0,0,0,0,0,0,0,0,0,0,0,0,0,0,0,0,0,0,0,0,0,0,0,0,0,0,0,0,0,0,0,0,0,0,0,0,0,0,0,0,0,0,0,0
"F471116",6782,3844,128,19258,1250,4658,12447,248,32,4764,21,1701,3893,3541,19,646,713,752,0,1197,13,2998,0,2587,1941,0,401,0,264,895,13,2,0,28,0,0,0,76,2099,0,475,1083,0,141,0,31,150,0,0,0,0,24,0,0,0,0,0,0,0,0,147,0,0,0,0,0,0,0,0,0,4,0,241,0,0,0,0,0,0,0,0,0,0,0,0,0,0,0,0,0,0,0,0,0,0,0,0,0,0,0,0,0,0,0,0,0,0,0,0,0,0,0,0,0,0,0,0,0,0,0,0,23,0,0,0,0,0,0,0,0,0,0,0,0,0,0,0,0,0,0,0,0,0,0,0,0,0,0,0,0,0,0,0,0,0,0,0,0,0,0,0,0,0,0,0,0,0,0,0,0,0,0,0,0,0,0,0,0,0,0,0,0,0,0,0,0,0,0,0,0,0,0,0,0,0,0,0,0,0,0,0,0,0,0,0,0,0,0,0,0,0,0,0,0,0,0,0,0,0,0,0,0,0,0,0,0,0,0,0,0,0,0,0,0,0,0,0,0,0,0,0,0,0,0,0,0,0,0,0,0,0,0,0,0,0,0,0,0,0,0,0,0,0,0,0,0,0,0,0,0,0,0,0,0,0,0,0,0,0,0,0,0,0,0,0,0,0,0,0,0,0,0,0,0,0,0,0,0,0,0,0,0,0,0,0,0,0,0,0,0,0,0,0,0,0,0,0
"L501116",777,951,85,12143,303,362,1633,189,0,1079,0,644,1779,432,636,3682,775,511,163,856,241,249,288,142,135,0,0,0,174,203,205,35,39,0,0,0,0,0,495,0,337,850,188,233,13,514,469,0,0,0,0,165,0,0,0,0,0,0,86,0,0,67,0,0,255,0,17,0,0,99,0,0,0,0,0,0,0,59,0,0,0,0,0,12,0,0,0,0,0,0,0,0,0,0,0,0,0,0,0,0,0,8,0,0,0,0,0,0,0,0,0,0,0,0,0,0,0,0,0,0,0,251,0,0,0,0,0,0,0,0,0,0,0,0,0,0,0,51,0,0,0,0,0,0,0,0,0,0,0,0,0,0,0,0,0,0,0,0,0,0,0,0,0,0,0,0,0,0,0,0,0,0,0,0,0,0,0,0,0,0,0,0,0,0,0,0,0,0,0,0,0,0,0,0,0,0,0,0,0,0,0,0,0,0,0,0,0,0,0,0,0,0,0,0,0,0,0,0,0,0,0,0,0,0,0,0,0,0,0,0,0,0,0,0,0,0,0,0,0,0,0,0,0,0,0,0,0,0,0,0,0,0,0,0,0,0,0,0,0,0,0,0,0,0,0,0,0,0,0,0,0,0,0,0,0,0,0,0,0,0,0,0,0,0,0,0,0,0,0,0,0,0,0,0,0,0,0,0,0,0,0,0,0,0,0,0,0,0,0,0,0,0,0,0,0,0,0
"D351116",576,485,252,1673,302,227,675,7,48,638,107,263,893,589,1748,7048,925,1188,2274,1003,153,498,0,4,534,0,10,0,154,0,0,127,0,0,0,0,0,554,385,570,1382,191,669,20,0,1433,0,188,0,0,0,121,0,0,0,0,0,0,166,0,0,0,0,71,466,0,0,0,81,0,0,0,239,0,4419,0,0,221,0,5,0,1774,0,110,0,0,0,0,0,0,0,0,572,0,0,0,0,82,0,0,0,206,0,0,0,0,36,102,110,0,0,293,0,0,0,46,0,0,0,0,0,0,0,0,0,0,0,142,25,0,0,0,880,0,4,0,0,0,0,0,0,0,0,0,0,0,0,0,0,0,0,0,0,214,0,0,0,0,0,0,0,13,0,0,0,0,0,0,0,0,0,0,0,0,0,0,0,0,0,0,0,7,0,0,0,0,0,0,33,97,0,0,0,0,0,0,0,0,0,0,0,0,0,0,0,0,0,0,0,0,0,0,0,0,0,0,0,0,0,0,0,0,0,0,0,0,0,0,0,0,0,0,0,0,0,0,0,0,0,0,0,0,0,0,0,0,0,0,0,0,0,0,0,0,22,0,0,0,0,0,0,0,0,0,0,0,0,0,0,0,0,0,0,0,0,0,0,0,0,53,0,0,0,7,0,0,0,0,0,0,0,0,0,0,0,0,0,0,0,0,0,0,0,0,0,0,0,0,0,0,0,0,0,0,0,0,0
"P371116",367,241,56,1144,94,389,712,251,0,572,13,180,1069,186,409,1954,426,598,1313,500,0,78,7,0,640,67,0,0,653,3,70,28,0,0,0,0,0,0,139,0,387,77,307,22,0,534,0,0,0,0,0,115,0,0,0,0,0,0,1413,0,0,0,0,0,83,0,0,0,945,0,0,0,0,0,0,0,0,0,0,81,0,122,0,36,0,0,378,0,0,0,551,0,9,0,0,0,0,0,0,0,373,0,65,343,0,0,0,0,0,0,0,0,0,0,0,0,0,0,0,0,0,0,0,0,0,0,0,0,0,0,0,0,0,0,0,0,0,0,0,0,0,0,0,0,0,0,0,71,0,56,0,0,0,0,0,0,0,0,0,0,0,0,0,62,0,0,0,0,0,0,0,56,0,0,0,0,0,0,18,0,0,0,10,0,0,0,58,0,0,0,0,0,0,0,0,0,0,0,25,0,0,0,0,7,0,0,0,0,0,0,0,0,0,0,0,0,0,0,0,0,0,3,0,0,0,0,0,0,7,0,0,0,0,0,0,0,0,0,0,0,0,0,0,0,0,0,0,0,0,0,0,0,0,0,0,0,0,0,0,0,0,0,0,0,0,0,0,0,0,0,0,0,0,0,0,0,0,0,0,0,0,0,0,0,0,0,0,0,0,0,0,0,0,0,0,0,0,0,0,0,0,0,0,0,0,0,0,0,0,0,0,0,0,0,0,0,0
"R401116",354,164,64,1025,22,196,187,22,1516,458,0,0,319,0,325,2640,149,69,153,276,0,0,0,0,0,0,0,0,14,0,71,12,0,48,0,0,0,0,42,0,7,8,144,0,0,475,0,0,0,0,0,7,0,0,0,0,0,7,106,0,0,0,0,0,81,0,0,0,4,0,0,0,0,0,0,0,0,0,0,215,0,0,0,9,0,0,0,34,0,0,0,0,0,0,0,0,0,0,0,0,0,0,0,0,0,0,0,0,0,0,0,0,0,0,0,0,0,0,0,0,0,0,0,0,0,0,0,0,0,0,0,0,0,0,0,0,0,0,0,0,0,0,0,0,0,0,0,0,0,0,0,0,0,0,0,0,0,0,0,0,0,0,0,0,0,0,0,0,0,0,0,0,0,0,0,0,0,0,0,0,0,0,0,0,0,0,0,0,0,0,0,0,0,0,0,0,0,0,0,0,0,0,0,0,0,0,0,0,0,0,0,0,0,0,0,0,0,0,0,0,0,0,0,0,0,0,0,0,0,0,0,0,0,0,0,0,0,0,0,0,0,0,0,0,0,0,0,0,0,0,0,0,0,0,0,0,0,0,0,0,0,0,0,0,0,0,0,0,0,0,0,0,0,0,0,0,0,0,0,0,0,0,0,0,0,0,0,0,0,0,0,0,0,0,0,0,0,0,0,0,0,0,0,0,0,0,0,0,0,0,0,0,0,0,0,0,0
"M391116",120,211,0,449,0,58,361,0,399,487,0,152,461,114,1331,8435,178,441,381,180,0,190,0,0,56,0,90,0,174,0,17,143,0,0,0,0,0,0,2,31,0,0,1029,0,0,1023,28,0,0,0,0,0,0,0,0,0,0,0,282,0,0,0,0,0,764,0,49,0,243,0,0,0,0,0,0,0,0,56,0,109,0,0,0,110,0,0,53,0,0,0,58,0,6,18,0,0,0,52,59,0,14,0,0,0,0,0,10,0,0,0,0,91,0,0,0,174,0,0,0,0,0,0,0,0,60,0,0,23,82,0,0,0,0,0,0,0,0,0,0,0,0,0,0,208,0,0,0,0,0,0,0,0,0,0,0,0,0,15,33,0,0,0,0,0,0,0,0,0,0,0,0,0,50,0,0,0,0,0,0,0,0,0,0,0,0,0,0,0,0,0,0,0,0,0,0,0,0,0,0,0,0,0,0,0,0,0,0,0,0,0,0,0,0,0,0,0,0,0,0,0,0,0,32,0,0,0,0,0,0,0,0,0,0,0,0,0,0,0,0,0,0,0,0,0,0,0,0,0,0,0,0,0,0,0,0,0,0,0,0,0,0,0,0,0,0,0,0,0,0,0,0,0,0,0,0,0,0,0,0,0,0,0,0,0,0,0,0,0,0,0,0,0,0,0,0,0,0,0,0,0,0,0,0,0,0,0,0,0,0,0,0,0,0,0,0,0,0
"M521116",346,1188,0,6931,61,599,1468,160,288,2066,2,3834,2924,58,255,1011,3035,2021,92,2098,0,281,5772,0,314,4013,0,0,2415,722,1348,25,3317,1476,0,260,203,0,526,0,693,710,681,123,1756,326,267,243,471,477,123,374,0,0,0,0,0,244,1,0,640,1759,0,0,8,0,0,0,0,0,0,0,0,79,0,0,0,0,0,16,0,0,0,0,0,5,0,0,0,0,0,0,0,0,0,0,0,0,0,0,0,0,0,0,0,0,0,0,0,0,0,0,0,0,0,0,0,0,0,0,0,0,0,0,0,0,0,0,0,0,0,0,0,0,0,28,0,0,0,0,0,0,0,0,0,0,0,0,0,0,0,0,0,0,0,0,0,0,0,0,0,0,0,0,0,0,0,0,0,0,0,0,0,0,0,0,0,0,0,0,0,0,0,0,0,0,0,0,0,0,0,0,0,0,0,0,0,0,0,0,0,0,0,0,0,0,0,0,0,0,0,0,0,0,0,0,0,0,0,0,0,0,0,0,0,0,0,0,0,0,0,0,0,0,0,0,0,0,0,0,0,0,0,0,0,0,0,0,0,0,0,0,0,0,0,0,0,0,0,0,0,0,0,0,0,0,0,0,0,0,0,0,0,0,0,0,0,0,0,0,0,0,0,0,0,0,0,0,0,0,0,0,0,0,0,0,0,0,0,0,0,0,0,0,0,0,0,0,0,0,0,0,0,0,0,0,0
"M441116",1108,898,191,2996,293,914,945,151,56,252,152,34,542,106,309,233,663,654,300,3675,0,56,0,233,224,3,3,0,112,381,21,170,0,0,1279,0,0,1426,172,0,0,237,28,0,0,0,63,559,0,0,0,0,0,0,4,0,0,0,0,0,0,0,0,0,0,0,0,0,0,0,0,0,0,0,0,0,0,0,0,0,0,22,0,0,195,0,0,0,0,0,0,0,0,0,0,0,0,0,0,0,0,0,0,0,0,0,0,0,5,0,0,0,0,0,0,0,0,0,0,10,0,0,0,0,0,0,0,0,0,0,0,0,0,0,0,0,0,0,0,0,0,0,149,0,0,19,0,0,0,0,0,0,0,0,0,0,0,0,0,0,0,0,0,0,0,0,0,0,0,0,0,0,0,0,0,0,0,0,0,0,0,0,0,0,0,274,0,0,0,0,0,0,0,0,0,0,0,0,0,0,0,0,0,0,0,0,0,0,0,0,0,0,0,0,31,0,0,0,0,0,0,0,0,0,0,0,0,0,0,0,0,0,83,0,0,0,0,0,0,0,0,0,0,0,0,0,0,0,0,0,0,0,0,0,0,0,0,0,0,0,0,0,0,0,0,0,0,0,0,0,0,0,0,0,0,0,0,0,0,0,0,0,0,0,0,0,0,0,0,0,0,0,0,0,0,0,0,0,0,0,0,0,0,0,0,0,0,0,0,0,0,0,0,0,0,0,0
"W361116",268,455,36,349,125,464,734,696,30261,1361,22,2173,576,101,0,4,288,851,0,322,0,579,677,24,264,5136,0,0,2843,29,2603,0,1040,1662,0,123,593,2,3,45,23,66,0,0,972,0,78,113,2353,741,630,364,0,0,0,0,0,483,0,0,74,43,0,0,0,457,0,0,0,0,0,0,0,449,0,0,0,0,0,0,0,0,0,0,0,45,0,21,0,0,0,0,0,0,0,0,0,0,0,0,0,0,0,0,0,0,0,0,0,0,0,0,0,0,0,0,0,0,0,0,98,0,0,0,0,0,0,0,0,0,0,0,0,0,0,0,0,0,0,0,0,0,0,0,0,0,0,0,0,0,0,0,0,0,0,0,0,0,0,0,0,0,0,0,0,0,0,3,0,0,0,0,0,0,0,0,0,0,0,0,0,0,0,0,0,0,0,0,0,0,0,0,0,0,0,0,0,0,0,0,0,0,0,0,0,0,0,0,0,0,0,0,0,0,0,0,0,0,0,0,0,0,0,0,0,0,0,0,0,0,0,0,0,0,0,0,0,0,0,0,0,0,0,0,0,0,0,0,0,0,0,0,0,0,0,0,0,0,0,0,0,0,0,0,0,0,0,0,0,0,0,0,0,0,0,0,0,0,0,0,0,0,0,0,0,0,0,0,0,0,0,0,0,0,0,0,0,0,0,0,0,0,0,0,0,0,0,0,0,0,0,0,0,0,0,0,0
"K531116",795,12173,174,3190,229,2262,10347,1229,257,2814,92,1231,3848,7170,0,0,1544,6443,28,833,47,5671,1539,461,454,0,0,0,1258,1113,519,0,606,353,277,20,134,62,39,719,21,271,0,0,243,0,156,26,50,0,57,1117,0,0,0,0,0,177,0,0,7,0,0,0,0,0,0,0,0,0,37,0,0,0,0,0,0,0,0,0,10,0,0,0,0,38,0,0,0,0,0,0,0,0,0,0,0,0,0,0,0,0,0,0,0,0,0,0,0,0,0,0,0,0,0,0,0,0,13,0,0,0,0,0,0,0,0,0,0,0,0,0,0,0,0,0,0,0,0,0,0,0,0,0,0,0,0,0,0,0,0,0,0,0,0,0,0,0,0,0,0,0,0,0,0,0,0,0,0,0,0,0,0,0,0,0,0,0,0,0,0,0,0,0,0,0,0,0,0,0,0,0,0,0,0,0,0,0,0,0,0,0,0,0,0,0,0,0,0,0,0,0,0,0,0,0,0,0,0,0,0,0,0,0,0,0,0,0,0,0,0,0,0,0,0,0,0,0,0,0,0,0,0,0,0,0,0,0,0,0,0,0,0,0,0,0,0,0,0,0,0,0,0,0,0,0,0,0,0,0,0,0,0,0,0,0,0,0,0,0,0,0,0,0,0,0,0,0,0,0,0,0,0,0,0,0,0,0,0,0,0,0,0,0,0,0,0,0,0,0,0,0,0,0,0,0,0
"M511116",1346,1712,113,2443,408,796,570,317,240,1083,68,2660,2512,430,0,57,7316,3380,0,2065,121,1240,425,139,1689,469,0,0,573,196,88,0,0,61,3,0,102,2429,323,96,6080,597,0,32,0,19,1145,80,0,52,0,203,0,0,0,0,0,5,0,0,0,39,0,0,0,0,0,0,0,0,0,0,471,0,0,0,0,0,0,0,0,0,0,0,3,0,0,0,0,0,0,0,0,0,0,0,0,0,0,0,0,0,0,0,0,0,0,0,0,0,0,0,0,0,0,0,0,0,0,0,0,0,0,0,0,0,0,0,0,0,0,0,0,0,0,0,0,0,0,0,0,0,0,0,0,0,0,0,0,0,0,0,0,0,0,0,0,0,0,0,0,0,0,0,0,0,0,0,0,0,0,0,0,0,0,0,0,0,0,0,0,0,0,0,0,0,0,0,0,0,0,0,0,0,0,0,0,0,0,0,0,0,0,0,0,0,0,0,0,0,0,0,0,0,0,0,0,0,0,0,0,0,0,0,0,0,0,0,0,0,0,0,0,0,0,0,0,0,0,0,0,0,0,0,0,0,0,0,0,0,0,0,0,0,0,0,0,0,0,0,0,0,0,0,0,0,0,0,0,0,0,0,0,0,0,0,0,0,0,0,0,0,0,0,0,0,0,0,0,0,0,0,0,0,0,0,0,0,0,0,0,0,0,0,0,0,0,0,0,0,0,0,0,0,0,0,0
"G412416",2216,2820,161,4791,801,1556,2691,1334,3586,1842,80,1609,1950,1962,15,352,1093,2047,0,923,258,1855,1358,1164,744,982,0,0,1075,892,649,0,183,732,0,957,726,86,230,756,159,174,48,62,293,0,175,56,420,147,110,215,0,0,0,207,0,120,0,0,0,180,0,0,0,0,0,0,0,0,17,0,33,0,0,0,0,0,0,0,0,0,0,0,0,0,0,94,0,0,0,0,0,0,0,0,0,0,0,0,0,0,0,0,0,0,0,0,0,0,0,0,0,159,0,0,0,0,0,0,0,0,0,0,0,0,0,0,0,0,0,0,0,0,0,0,0,0,0,0,0,0,0,0,0,0,0,0,0,0,0,0,0,0,0,0,0,0,0,0,0,0,0,0,0,0,0,0,0,0,0,0,0,0,0,0,0,0,0,0,0,0,0,0,0,0,0,0,0,0,0,0,0,0,0,0,0,0,0,0,0,0,0,0,0,0,0,0,0,0,0,0,0,0,0,0,0,0,0,0,0,0,0,0,0,0,0,0,0,0,0,0,0,0,0,0,0,0,0,0,0,0,0,0,0,0,0,0,0,0,0,0,0,0,0,0,0,0,0,0,0,0,0,0,0,0,0,0,0,0,0,0,0,0,0,0,0,0,0,0,0,0,0,0,0,0,0,0,0,0,0,0,0,0,0,0,0,0,0,0,0,0,0,0,0,0,0,0,0,0,0,0,0,0,0,0,0
"D462416",2827,2326,123,3930,422,4394,5352,381,536,7234,190,3082,3682,3031,69,2114,4500,5266,0,6305,157,3207,152,548,1149,44,75,0,1118,554,275,119,0,31,59,434,1182,1652,860,109,615,409,0,0,0,0,455,2108,0,86,72,85,0,0,0,945,0,119,0,0,36,0,0,0,84,0,0,0,0,0,101,0,342,0,0,0,0,414,0,59,0,0,0,29,187,0,0,0,0,12,0,0,0,64,0,0,0,0,0,0,0,0,0,0,0,0,0,0,0,0,576,0,0,0,539,0,0,0,0,0,0,32,0,0,0,0,0,0,0,0,240,0,0,283,0,0,0,112,0,0,0,0,0,0,0,0,0,0,0,0,0,0,0,0,0,0,0,0,0,0,0,0,0,0,0,0,0,0,0,78,0,0,0,0,0,0,0,0,0,0,0,0,0,3,0,0,0,0,0,0,0,0,0,0,0,0,0,0,0,0,0,0,0,0,24,15,0,0,0,0,0,0,0,0,0,0,0,0,20,0,0,0,0,0,0,0,0,0,0,0,0,0,0,0,0,0,0,0,0,0,0,327,7,0,0,0,0,0,0,0,0,0,0,0,0,0,0,0,0,0,14,0,0,0,0,0,0,0,34,0,0,0,97,0,0,0,0,0,34,0,76,0,0,0,0,0,0,0,0,0,0,0,0,0,16,0,0,0,0,0,0,0,0,0,0,0,0,0,0,0,7,0,0,0,0,0,0
"J452416",5811,2640,223,4423,446,3237,10869,256,73,3452,224,9463,4042,4784,0,240,1418,2251,0,2636,288,12993,210,502,1920,18,0,0,769,191,236,0,24,0,112,0,0,115,450,185,726,660,0,41,0,0,261,67,0,25,0,408,0,0,0,609,0,23,0,0,0,0,0,0,0,0,0,0,0,138,0,0,121,0,0,0,0,0,0,0,0,0,0,0,0,49,0,0,0,0,0,0,0,0,0,0,0,0,0,0,0,0,0,0,0,0,0,0,0,0,0,0,0,0,0,0,0,0,0,0,0,0,0,0,0,0,0,0,0,0,0,0,0,0,0,0,0,0,0,0,0,0,0,0,0,0,0,0,0,0,0,0,0,0,0,0,0,0,0,0,0,0,0,0,0,0,0,0,0,0,0,0,0,0,0,0,0,0,0,0,0,0,0,0,0,0,0,0,0,0,0,0,0,0,0,0,0,0,0,0,0,0,0,0,0,0,0,0,0,0,0,0,0,0,0,0,0,0,0,0,0,0,0,0,0,0,0,0,0,0,0,0,0,0,0,0,0,0,0,0,0,0,0,0,0,0,0,0,0,0,0,0,0,0,0,0,0,0,0,0,0,0,0,0,0,0,0,0,0,0,0,0,0,0,0,0,0,0,0,0,0,0,0,0,0,0,0,0,0,0,0,0,0,0,0,0,0,0,0,0,0,0,0,0,0,0,0,0,0,0,0,0,0,0,0,0,0
"C342416",3599,3560,243,8824,652,897,2376,353,963,2432,175,479,5213,2071,0,207,962,1950,37,1879,118,2211,34,601,5859,176,0,0,759,227,179,0,0,33,2,0,0,962,1130,8947,872,972,0,261,0,0,98,374,0,11,0,584,0,0,0,97,0,9,0,0,0,0,0,0,0,0,0,0,0,0,0,0,172,0,33,0,0,0,0,0,0,0,0,0,5,0,0,0,0,0,0,0,0,0,0,0,0,0,0,0,0,0,0,0,0,0,0,0,0,0,0,0,0,26,0,0,0,0,0,0,0,0,0,0,0,0,0,0,0,0,0,0,0,0,0,0,0,0,0,0,0,0,0,0,0,0,0,0,0,0,0,0,0,0,0,0,0,0,0,0,0,0,0,0,0,0,0,0,0,0,0,0,0,0,0,0,0,0,0,0,0,0,0,0,0,0,0,0,0,0,0,0,0,0,0,0,0,0,0,0,0,0,0,0,0,0,0,0,0,0,0,0,0,0,0,0,0,0,0,0,0,0,0,0,0,0,0,0,0,0,0,0,0,0,0,0,0,0,0,0,0,0,0,0,0,0,0,0,0,0,0,0,0,0,0,0,0,0,0,0,0,0,0,0,0,0,0,0,0,0,0,0,0,0,0,0,0,0,0,0,0,0,0,0,0,0,0,0,0,0,0,0,0,0,0,0,0,0,0,0,0,0,0,0,0,0,0,0,0,0,0,0,0,0,0,0,0
"P432416",2063,881,78,5615,339,9228,2246,237,44,757,505,836,957,285,93,705,880,423,411,1586,0,333,274,135,211,41,0,0,333,1892,165,17,23,76,1097,0,137,7,21,11,24,46,30,0,21,0,20,94,0,13,0,135,0,0,0,1659,0,0,253,0,0,0,0,0,0,0,0,0,99,0,0,0,0,0,0,0,0,0,0,69,0,0,0,0,0,0,42,0,0,281,66,0,0,0,0,0,0,0,0,0,12,0,0,25,0,0,0,0,0,0,0,0,0,0,0,0,0,0,0,0,0,0,0,0,0,0,0,0,0,0,0,0,0,0,0,0,0,0,0,0,0,0,0,0,0,0,0,0,0,0,0,0,0,0,0,0,0,0,0,0,0,0,0,0,0,0,0,0,0,0,0,0,0,0,0,0,0,0,0,0,0,0,0,0,0,0,0,0,0,0,0,0,0,0,0,0,0,0,0,0,0,0,0,0,0,0,0,0,0,0,0,0,0,0,0,0,0,0,0,0,0,0,0,0,0,0,0,0,0,0,0,0,0,0,0,0,0,0,0,0,0,0,0,0,0,0,0,0,0,0,0,0,0,0,0,0,0,0,0,0,0,0,0,0,0,0,0,0,0,0,0,0,0,0,0,0,0,0,0,0,0,0,0,0,0,0,0,0,0,0,0,0,0,0,0,0,0,0,0,0,0,0,0,0,0,0,0,0,0,0,0,0,0,0,0,0,0
"M482416",884,948,55,2147,46,2647,2179,424,820,6331,101,303,1764,149,40,509,2380,1066,7,2345,81,664,643,202,168,53,0,0,453,826,202,0,0,0,57,0,390,8,387,0,204,343,0,0,0,0,59,8,0,0,0,335,0,0,0,456,0,10,0,0,11,0,0,0,0,0,0,0,0,0,0,0,417,0,0,0,0,0,0,0,0,0,0,0,0,19,0,0,0,0,0,0,0,0,0,0,0,0,0,0,0,0,0,0,0,0,0,0,0,0,0,0,0,0,0,0,0,0,0,0,0,0,0,0,0,0,0,0,0,0,0,0,0,161,0,0,0,0,0,0,0,0,0,0,0,0,0,0,0,0,0,0,0,0,0,0,0,0,0,0,0,0,0,0,0,0,0,0,0,0,0,0,0,0,0,0,0,0,0,0,0,0,0,0,0,0,0,0,0,0,0,0,0,0,0,0,0,0,0,0,0,0,0,0,0,0,0,0,0,0,0,0,0,0,0,0,0,0,0,0,0,0,0,0,0,0,0,0,0,0,0,0,0,0,0,0,0,0,0,0,0,0,0,0,0,0,0,0,0,0,0,0,0,0,0,0,0,0,0,0,0,0,0,0,0,0,0,0,0,0,0,0,0,0,0,0,0,0,0,0,0,0,0,0,0,0,0,0,0,0,0,0,0,0,0,0,0,0,0,0,0,0,0,0,0,0,0,0,0,0,0,0,0,0,0,0,0
"S422416",1803,5514,0,7833,1083,2177,4694,158,793,991,39,575,3675,5007,40,202,322,1155,0,868,0,4467,4,676,916,0,0,0,176,183,93,0,0,10,226,0,6,363,126,1166,98,314,0,0,0,0,28,140,0,0,0,68,0,0,0,329,0,0,0,0,0,0,0,0,0,0,0,0,0,0,50,0,0,0,0,316,0,0,0,0,0,0,70,0,0,0,0,0,0,0,0,0,0,0,0,0,0,0,0,0,0,0,0,0,0,0,0,0,0,0,0,0,0,0,0,0,0,0,0,0,0,0,0,0,0,0,0,0,0,0,0,0,0,0,0,0,0,0,0,0,0,0,0,0,0,0,0,0,0,0,0,0,0,0,0,0,0,0,0,0,0,0,0,0,0,0,0,0,0,0,0,0,0,0,0,0,0,0,0,0,0,0,0,0,0,0,0,0,0,0,0,0,0,0,0,0,0,0,0,0,0,0,0,0,0,0,0,0,0,0,0,0,0,0,0,0,0,0,0,0,0,0,0,0,0,0,0,0,0,0,0,0,0,0,0,0,0,0,0,0,0,0,0,0,0,0,0,0,0,0,0,0,0,0,0,0,0,0,0,0,0,0,0,0,0,0,0,0,0,0,0,0,0,0,0,0,0,0,0,0,0,0,0,0,0,0,0,0,0,0,0,0,0,0,0,0,0,0,0,0,0,0,0,0,0,0,0,0,0,0,0,0,0,0,0,0,0
"F472416",785,1277,209,4929,770,8161,1731,125,389,2215,1200,2446,1286,405,27,77,1051,815,0,683,0,690,228,346,181,43,0,0,619,253,551,0,150,403,58,4,41,18,206,161,147,256,90,101,159,0,140,0,0,31,50,208,0,0,0,1767,0,46,0,0,2,0,0,0,0,0,0,0,0,0,0,0,0,0,0,0,0,0,244,0,0,0,0,0,0,0,0,0,0,116,0,0,0,0,0,0,0,0,0,0,0,0,0,0,0,0,0,0,0,0,0,0,0,0,0,0,0,0,0,0,0,0,0,0,0,0,0,0,0,0,0,0,0,0,0,0,0,0,0,0,79,0,0,0,0,0,0,0,0,0,0,0,0,0,0,0,0,0,0,0,0,0,0,0,0,0,0,0,0,0,0,0,0,0,0,0,0,0,0,0,0,0,0,0,0,0,0,0,0,0,0,0,0,0,0,0,0,0,0,0,0,0,0,0,0,0,0,0,0,0,0,0,0,0,0,0,0,0,0,0,0,0,0,0,0,0,0,0,0,0,0,0,0,0,0,0,0,0,0,0,0,0,0,0,0,0,0,0,0,0,0,0,0,0,0,0,0,0,0,0,0,0,0,0,0,0,0,0,0,0,0,0,0,0,0,0,0,0,0,0,0,0,0,0,0,0,0,0,0,0,0,0,0,0,0,0,0,0,0,0,0,0,0,0,0,0,0,0,0,0,0,0,0,0,0,0,0
"L502416",28,529,0,961,220,2049,1697,178,2334,3139,0,1918,2037,32,574,0,4379,1847,535,233,0,321,5337,56,0,1238,0,508,1323,393,947,0,1744,2554,0,4601,557,17,103,0,0,183,0,0,562,0,574,821,105,626,189,135,0,8,0,475,16,163,0,14,150,417,0,0,0,37,0,0,0,0,0,0,0,732,0,0,0,0,0,0,0,0,0,0,0,0,0,0,0,0,0,0,0,0,0,0,0,0,0,0,0,0,0,0,0,0,0,0,0,0,0,0,0,57,0,0,0,0,0,0,0,0,0,0,0,0,0,0,0,0,0,0,0,0,0,0,0,0,0,0,0,0,0,0,0,0,0,0,0,0,0,0,0,0,0,0,0,0,0,0,0,0,0,0,0,0,0,0,0,0,0,0,0,0,0,0,0,0,0,0,0,0,0,0,0,0,0,0,0,0,0,0,0,0,0,0,0,0,0,0,0,0,0,0,0,0,0,0,0,0,0,0,0,0,0,0,0,0,0,0,0,0,0,0,0,0,0,0,0,0,0,0,0,0,0,0,0,0,0,0,0,0,0,0,0,0,0,0,0,0,0,0,0,0,0,0,0,0,0,0,0,0,0,0,0,0,0,0,0,0,0,0,0,0,0,0,0,0,0,0,0,0,0,0,0,0,0,0,0,0,0,0,0,0,0,0,0,0,0,0,0,0,0,0,0,0,0,0,0,0,0,0,0,0,0,0,0
"D352416",1773,3802,47,8583,738,1342,4218,882,40,5183,94,930,2699,1302,71,301,286,1319,1,287,472,2093,371,1960,495,1,0,0,676,990,105,0,145,298,0,34,1167,170,770,1745,354,761,0,349,0,0,441,0,0,217,14,375,0,0,0,208,0,215,0,0,55,0,0,0,0,0,0,0,0,0,64,0,308,0,0,0,0,0,0,0,0,0,0,0,0,0,0,884,0,0,0,0,0,0,0,0,0,0,0,0,0,0,0,0,0,0,0,0,0,0,0,0,0,0,0,0,0,0,0,0,0,0,0,0,0,0,0,0,0,0,0,0,0,0,0,0,0,0,0,0,0,0,0,0,0,0,0,0,0,0,0,0,0,0,0,0,0,0,0,0,0,0,0,0,0,0,0,0,0,0,0,0,0,0,0,0,0,0,0,0,0,0,0,0,0,0,0,0,0,0,0,0,0,0,0,0,0,0,0,0,0,0,0,0,0,0,0,0,0,0,0,0,0,0,0,0,0,0,0,0,0,0,0,0,0,0,0,0,0,0,0,0,0,0,0,0,0,0,0,0,0,0,0,0,0,0,0,0,0,0,0,0,0,0,0,0,0,0,0,0,0,0,0,0,0,0,0,0,0,0,0,0,0,0,0,0,0,0,0,0,0,0,0,0,0,0,0,0,0,0,0,0,0,0,0,0,0,0,0,0,0,0,0,0,0,0,0,0,0,0,0,0,0,0,0,0,0
"P372416",486,2763,0,848,1400,70,1769,155,4891,8745,0,2443,3620,4768,209,1332,215,138,14,777,0,4912,9,330,2384,0,0,0,386,21,971,16,0,548,0,0,1845,0,1668,1030,1146,504,0,149,22,0,89,0,54,1336,5,240,0,0,0,0,0,748,0,0,191,0,0,0,73,0,0,0,0,0,0,0,643,0,0,0,0,0,0,2,0,26,0,0,0,0,0,181,0,0,0,0,0,0,0,0,0,0,0,0,0,0,0,0,0,0,19,0,0,0,0,0,0,396,0,0,0,0,0,0,0,170,0,0,0,0,0,0,0,0,0,0,0,0,0,80,0,126,0,0,0,0,0,0,0,0,0,0,0,0,0,0,0,0,0,0,0,0,0,0,0,0,0,0,0,0,0,0,0,0,0,0,0,0,0,0,0,0,0,0,0,0,0,0,0,0,0,0,0,0,0,0,0,0,0,0,0,0,0,0,0,0,0,0,0,0,0,0,0,0,0,0,0,0,40,0,0,0,0,0,0,0,0,0,0,0,0,0,0,0,0,0,0,0,0,0,0,0,0,0,0,0,0,0,0,0,0,0,0,0,0,0,0,0,0,0,0,0,0,0,0,0,0,0,0,0,0,0,0,0,0,0,0,0,0,0,0,0,0,0,0,0,0,0,0,0,0,0,0,0,0,0,0,0,0,0,0,0,0,0,0,0,0,0,0,0,0,0,0,0,0,0,0,0,0,0,0
"R402416",2406,1962,1399,0,2766,1145,914,23,9524,1008,283,1180,763,88,109,138,1698,2793,69,123,339,114,445,1197,1345,434,0,65,524,171,321,0,0,841,245,2093,230,13,239,249,10,0,0,0,183,0,247,16,128,220,65,0,0,0,0,171,0,140,0,0,105,0,0,0,0,0,0,0,0,0,0,0,0,0,0,0,0,0,0,0,0,0,0,0,0,0,0,246,0,0,0,0,0,0,0,0,0,0,0,0,0,0,0,0,0,0,0,0,0,0,0,0,0,0,0,0,0,0,0,0,0,0,0,0,0,0,0,0,0,0,0,0,0,0,0,0,0,0,0,0,0,0,0,0,0,0,0,0,0,0,0,0,0,0,0,0,0,0,0,0,0,0,0,0,0,0,0,0,0,0,0,0,0,0,0,0,0,0,0,0,0,0,0,0,0,0,0,0,0,0,0,0,0,0,0,0,0,0,0,0,0,0,0,0,0,0,0,0,0,0,0,0,0,0,0,0,0,0,0,0,0,0,0,0,0,0,0,0,0,0,0,0,0,0,0,0,0,0,0,0,0,0,0,0,0,0,0,0,0,0,0,0,0,0,0,0,0,0,0,0,0,0,0,0,0,0,0,0,0,0,0,0,0,0,0,0,0,0,0,0,0,0,0,0,0,0,5,0,0,0,0,0,0,0,0,0,0,0,0,0,0,0,0,0,0,0,0,0,0,0,0,25,0,0,0,0,0
"M392416",457,573,0,642,256,304,828,227,5751,1823,0,1149,848,135,219,1162,582,1854,138,101,0,346,772,21,114,103,0,3,1249,19,1658,0,39,696,0,412,589,56,96,473,0,87,285,0,325,0,243,33,304,130,115,241,0,0,0,5,0,24,0,0,0,86,0,0,3,0,0,0,0,0,0,0,0,23,0,0,0,0,0,0,0,0,0,0,0,25,0,4,0,0,0,0,0,0,0,0,0,0,7,0,0,0,0,0,0,0,0,0,0,0,0,0,0,0,0,0,0,0,0,0,0,0,0,0,0,0,0,0,0,0,0,0,0,0,0,0,0,0,0,0,0,0,0,0,0,0,0,0,0,0,0,0,0,0,0,0,0,0,0,0,0,0,0,0,0,0,0,0,0,0,0,0,0,0,0,0,0,0,0,0,0,0,0,0,0,0,0,0,0,0,0,0,0,0,0,0,0,0,0,0,0,0,0,0,0,0,0,0,0,0,0,0,0,0,0,0,0,0,0,0,0,0,0,0,0,0,0,0,0,0,0,0,0,0,0,0,0,0,0,0,0,0,0,0,0,0,0,0,0,0,0,0,0,0,0,0,0,0,0,0,0,0,0,0,0,0,0,0,0,0,0,0,0,0,0,0,0,0,0,0,0,0,0,0,0,0,0,0,0,0,0,0,0,0,0,0,0,0,0,0,0,0,0,0,0,0,0,0,0,0,0,0,0,0,0,0,0
"M522416",0,265,0,409,0,354,1012,0,11608,2286,0,3124,1026,33,32,561,1114,2942,0,1336,0,320,31,0,0,1468,0,0,1955,0,1860,0,0,835,0,871,584,0,350,0,0,48,0,0,246,0,471,103,240,748,136,12,0,0,0,8,0,201,0,0,133,259,0,0,0,0,0,0,0,0,0,0,0,60,0,0,0,0,0,0,0,0,0,0,0,0,0,290,0,0,0,0,0,0,0,0,0,0,0,0,0,0,0,0,0,0,0,0,0,0,0,0,0,0,0,0,0,0,107,0,32,0,0,0,0,0,0,0,0,0,0,0,0,0,0,5,0,0,0,0,0,0,0,0,0,0,0,0,0,0,0,0,0,0,0,0,0,0,0,0,0,0,0,0,0,0,0,0,0,0,0,0,0,0,0,0,0,0,0,0,0,0,0,0,0,0,0,0,0,0,0,0,0,0,0,0,0,0,0,0,0,0,0,0,0,0,0,0,0,0,0,0,0,0,0,0,0,0,0,0,0,0,0,0,0,0,0,0,0,0,0,0,0,0,0,0,0,0,0,0,0,0,0,0,0,0,0,0,0,0,0,0,0,0,0,0,0,0,0,0,0,0,0,0,0,0,0,0,0,0,0,0,0,0,0,0,0,0,0,0,0,0,0,0,0,0,0,0,0,0,0,0,0,0,0,0,0,0,0,0,0,0,0,0,0,0,0,0,0,0,0,0,0,0,0,0,0
"M442416",979,403,53,301,329,1031,570,265,140,179,1234,27,333,0,346,65,642,1972,121,1075,226,0,0,381,253,0,0,53,85,675,69,0,0,10,716,13,0,8925,0,0,126,0,0,0,0,7,19,2157,0,0,0,0,138,0,0,171,0,0,0,0,0,0,0,0,0,0,0,0,0,0,0,0,0,0,0,0,0,0,0,0,0,0,0,0,1764,0,3,0,0,0,0,0,0,0,0,0,0,0,0,0,0,0,0,0,0,0,0,0,0,0,0,0,0,0,0,0,0,0,0,0,0,0,0,0,0,0,0,0,0,0,0,0,0,0,0,0,0,0,0,83,0,0,0,0,0,0,0,0,0,0,0,0,0,0,0,0,0,0,0,0,0,0,0,0,0,0,0,0,0,0,0,0,0,0,0,0,0,0,0,0,0,0,0,0,31,0,0,0,0,0,0,0,0,0,0,0,0,0,0,272,0,0,0,0,0,0,0,0,0,0,11,0,0,0,0,0,0,0,0,0,0,0,0,0,0,0,0,0,0,0,0,0,0,0,0,0,0,0,0,0,0,0,0,0,0,0,0,0,0,0,0,0,0,0,0,150,0,0,0,0,0,0,0,121,0,0,0,0,0,0,0,0,0,141,0,0,0,0,0,0,0,0,0,0,0,0,0,0,0,0,0,0,0,0,0,0,0,0,0,0,0,0,0,0,0,5,0,0,0,0,0,0,0,0,0,0,0
"W362416",112,238,0,339,271,846,613,777,7023,2539,0,1819,776,170,219,1571,703,741,394,79,0,1123,2874,1,218,3230,0,0,2560,0,2642,0,1678,1882,0,1415,2520,0,171,23,172,306,8,0,839,0,72,71,145,1060,1099,433,0,0,0,134,0,514,0,0,541,450,0,0,38,1418,0,0,0,0,103,0,0,372,0,0,0,0,0,0,0,0,0,0,0,130,0,48,0,0,0,0,0,0,0,0,0,0,0,0,0,0,0,0,0,0,0,0,0,0,0,0,0,0,0,0,0,0,0,0,0,0,153,48,0,0,133,0,0,0,0,0,0,0,0,31,0,0,0,0,0,0,0,0,0,0,0,0,0,0,0,0,0,0,0,0,0,0,0,0,0,0,0,0,0,0,0,0,0,0,0,0,0,0,0,0,0,0,0,0,0,0,0,0,0,0,0,0,0,0,0,0,0,0,0,0,0,0,0,0,0,0,0,0,0,0,0,0,0,0,0,0,0,0,0,0,0,0,0,0,0,0,0,0,0,0,0,0,0,0,0,0,0,0,0,0,0,0,0,0,0,0,0,0,0,0,0,0,0,0,0,0,0,0,0,0,0,0,0,0,0,0,0,0,0,0,0,0,0,0,0,0,0,0,0,0,0,0,0,0,0,0,0,0,0,0,0,0,0,0,0,0,0,0,0,0,0,0,0,0,0,0,0,0,0,0,0,0,0,0,0,0,0,0,0,0,0
"K532416",150,674,0,271,122,1729,548,260,795,1954,24,369,1301,204,911,2542,349,501,1464,328,0,456,104,59,186,0,0,271,581,0,489,55,0,224,0,70,195,158,182,85,0,74,245,0,140,76,59,57,0,113,1,287,0,0,0,396,0,0,649,0,0,0,0,0,121,0,0,0,412,0,0,0,0,0,0,0,0,0,0,142,0,0,0,80,0,0,48,0,0,0,203,0,0,0,0,0,0,0,0,0,133,0,62,128,0,0,0,0,0,0,0,0,0,0,0,0,0,0,0,0,0,0,0,0,0,0,0,0,0,0,0,0,0,0,0,0,0,0,0,0,0,0,0,0,0,0,32,3,0,0,0,0,0,0,0,0,0,0,0,0,0,0,0,0,0,0,0,0,0,0,0,0,0,0,0,0,0,0,0,0,0,0,0,0,0,0,0,0,0,0,0,0,0,0,0,0,0,0,0,0,0,0,0,0,0,0,0,0,18,0,0,0,0,0,0,0,0,0,0,0,0,0,0,0,0,0,47,0,0,0,0,0,0,0,0,0,0,0,0,0,0,0,0,0,0,0,0,0,0,0,0,0,0,0,0,0,0,0,0,0,0,0,0,0,0,0,0,0,0,0,0,0,0,0,0,0,0,0,0,0,0,0,0,0,0,0,11,0,0,0,0,0,0,0,0,0,0,0,0,0,0,0,0,0,0,0,0,0,0,0,0,0,0,0,0,20,5
"M512416",112,24,0,831,0,1974,440,0,11981,1258,0,448,659,0,84,371,1804,2291,59,969,0,21,871,0,0,1561,0,0,2648,0,919,0,160,1831,15,800,48,0,145,0,74,14,0,0,463,0,119,256,555,477,184,392,0,0,0,351,0,266,0,0,22,0,0,0,0,0,0,0,0,0,0,0,14,0,0,0,0,0,0,0,0,0,0,0,0,0,0,158,0,0,0,0,0,0,0,0,0,0,0,0,0,0,0,0,0,0,0,0,0,0,0,0,0,0,0,0,0,0,36,0,0,0,0,0,0,0,0,0,0,0,0,0,0,194,0,0,0,0,0,0,0,0,0,0,0,0,0,0,0,0,0,0,0,0,0,0,173,0,0,0,0,0,0,0,0,0,0,0,0,0,0,0,0,0,0,0,0,0,0,0,0,0,0,0,0,0,0,0,0,0,0,0,0,0,0,0,0,0,0,0,0,0,0,0,0,0,0,0,0,0,0,0,0,0,0,0,0,0,0,0,0,0,0,0,0,0,0,0,0,0,0,0,0,0,0,0,0,0,0,0,0,0,0,0,0,0,0,0,0,0,0,0,0,0,0,0,0,0,0,0,0,0,0,0,0,0,0,0,0,0,0,0,0,0,0,0,0,0,0,0,0,0,0,0,0,0,0,0,0,0,0,0,0,0,0,0,0,0,0,0,0,0,0,0,0,0,0,0,0,0,0,0,0,0,0,0,0
"PCon116",0,0,0,0,0,0,0,0,0,0,0,0,0,0,23435,0,0,0,21655,2746,0,0,0,0,0,0,0,16500,0,0,0,0,0,0,0,0,0,0,0,0,0,0,2422,0,0,0,0,0,0,0,0,0,0,4134,0,0,4085,0,0,3849,0,0,0,0,0,0,0,0,0,0,0,0,0,0,0,0,0,0,0,0,0,0,0,0,0,0,0,0,0,0,0,0,0,0,0,0,0,0,0,0,0,0,0,0,0,0,0,0,0,0,0,0,0,0,0,0,0,0,0,0,0,0,0,0,0,0,0,0,0,0,0,0,0,0,0,0,0,0,0,0,0,0,0,0,0,0,0,0,0,0,0,0,0,0,0,0,0,0,0,0,0,0,0,0,0,0,0,0,0,0,0,0,0,0,0,0,0,0,0,0,0,0,0,0,0,0,0,0,0,0,0,0,0,90,0,0,0,0,0,0,0,0,0,0,0,0,0,0,0,0,0,0,0,0,0,0,0,0,0,0,0,0,0,0,0,0,0,0,0,0,0,0,0,0,0,0,0,0,0,0,0,0,0,0,0,0,0,0,0,0,0,0,0,0,0,0,0,0,0,0,0,0,0,0,0,0,0,0,0,0,0,0,0,0,0,0,0,0,0,0,0,0,0,0,0,0,0,0,0,0,0,0,0,0,0,0,0,0,0,0,0,0,0,0,0,0,0,0,0,0,0,0,0,0,0,0,0
"PCon216",0,0,0,0,0,0,0,0,0,0,0,0,0,0,13959,0,0,0,13134,1259,0,0,0,0,0,0,0,10099,0,0,0,0,0,0,0,0,0,0,0,0,0,0,1139,0,0,0,0,0,0,0,0,0,0,2347,0,0,2253,0,0,1970,0,0,0,0,0,0,0,0,0,0,0,0,0,0,0,0,0,0,0,0,0,0,0,0,0,0,0,0,0,0,0,0,0,0,0,0,0,0,0,0,0,0,0,0,0,0,0,0,0,0,0,0,0,0,0,0,0,0,0,0,0,0,0,0,0,0,0,0,0,0,0,0,0,0,0,0,0,0,0,0,0,0,0,0,0,0,0,0,0,0,0,0,0,0,0,0,0,0,0,0,0,0,0,0,0,0,0,0,0,0,0,0,0,0,0,0,0,0,0,0,0,0,0,0,0,0,0,0,0,0,0,0,0,0,0,0,0,0,0,0,0,0,0,0,0,0,0,0,0,0,0,0,0,0,0,0,0,0,0,0,0,0,0,0,0,0,0,0,0,0,0,0,0,0,0,0,0,0,0,0,0,0,0,0,0,0,0,0,0,0,0,0,0,0,0,0,0,0,0,0,0,0,0,0,0,0,0,0,0,0,0,0,0,0,0,0,0,0,0,0,0,0,0,0,0,0,0,0,0,0,0,0,0,0,0,0,0,0,0,0,0,0,0,0,0,0,0,0,0,0,0,0,0,0,0,0,0
"PCon316",0,0,0,0,0,0,0,0,0,0,0,0,0,0,16603,0,0,0,16040,1717,0,0,0,0,0,0,0,14996,0,0,0,0,0,0,0,0,0,0,0,0,0,0,2102,0,0,0,0,0,0,0,0,0,0,3173,0,0,2791,0,0,3151,0,0,0,0,0,0,0,0,0,0,0,0,0,0,0,0,0,0,0,0,0,0,0,0,0,0,0,0,0,0,0,0,0,0,0,0,0,0,0,0,0,0,0,0,0,0,0,0,0,0,0,0,0,0,0,0,0,0,0,0,0,0,0,0,0,0,0,0,0,0,0,0,0,0,0,0,0,0,0,0,0,0,0,0,0,0,0,0,0,0,0,0,0,0,0,0,0,0,0,0,0,0,0,0,0,0,0,0,0,0,0,0,0,0,0,0,0,0,0,0,0,0,0,0,0,0,0,0,0,0,0,0,0,173,0,0,0,0,0,0,0,0,0,0,0,0,0,0,0,0,0,0,0,0,0,0,0,0,0,0,0,0,0,0,0,0,0,0,0,0,0,0,0,0,0,0,0,0,0,0,0,0,0,0,0,0,0,0,0,0,0,0,0,0,0,0,0,0,0,0,0,114,0,0,0,0,0,0,0,0,0,0,0,0,0,0,0,0,0,0,0,0,0,0,0,0,0,0,0,0,0,0,0,0,0,0,0,0,0,0,0,0,0,0,10,0,4,0,0,0,0,0,0,0,0,0,0
"NCon116",73,0,39,0,0,0,0,0,0,0,0,0,0,0,176,0,0,0,1,0,0,0,0,0,0,0,27830,0,0,0,0,15514,0,0,0,0,0,0,0,0,0,0,104,0,0,0,0,0,0,0,0,0,0,0,0,0,0,0,0,0,0,0,0,0,0,0,0,4,0,0,0,0,0,0,0,0,0,0,0,0,0,0,0,47,0,0,0,0,0,0,0,0,0,0,0,0,720,0,0,0,0,0,0,0,0,0,0,0,0,0,0,0,0,0,0,0,0,0,0,0,0,0,0,0,0,0,0,0,0,0,0,0,28,0,0,0,0,0,0,0,0,0,0,0,0,0,0,0,0,0,0,0,0,0,0,0,0,0,0,0,0,0,0,0,0,0,0,0,0,0,0,0,0,0,0,0,0,0,0,0,0,0,0,0,0,0,0,0,0,0,0,0,0,0,0,0,0,0,0,0,0,0,0,0,0,0,0,0,0,0,0,0,0,0,0,0,0,0,0,0,0,0,0,0,0,0,0,0,0,0,0,0,0,0,0,0,0,0,0,0,0,0,0,0,0,0,0,0,0,0,0,0,0,0,0,0,0,0,0,132,0,0,0,0,0,0,0,0,0,0,0,0,0,0,0,0,0,0,0,0,0,0,0,0,0,0,0,0,0,0,0,0,0,0,0,0,0,0,0,0,0,0,0,0,0,0,0,0,0,0,0,0,18,0,0,0,0
"NCon216",1,0,56,0,0,0,0,0,0,8047,0,0,0,0,4402,46,0,0,84,50,0,0,0,0,0,0,3444,0,0,0,0,3129,0,0,0,0,0,0,0,0,0,0,5,0,0,0,0,0,0,0,0,0,0,0,0,0,0,0,0,0,0,0,0,0,0,0,0,5400,0,0,0,5097,0,0,0,0,4687,0,0,0,0,0,0,11,0,0,0,0,3555,0,0,3294,0,0,0,0,0,0,0,0,0,0,0,0,0,2213,0,0,0,0,0,0,0,0,0,0,0,0,0,0,0,0,0,0,333,17,0,0,0,0,0,1276,0,0,0,0,0,0,0,0,0,0,0,0,0,0,0,0,0,0,0,0,0,0,0,0,0,0,0,0,0,0,0,0,0,0,0,0,0,0,0,0,0,0,0,0,0,0,0,0,0,0,0,0,0,0,0,0,0,0,0,90,0,0,0,0,335,0,0,0,0,0,0,0,0,0,0,0,0,0,0,0,0,436,0,0,0,0,0,0,0,0,0,0,0,0,0,0,0,0,0,0,0,0,0,0,0,0,0,0,0,0,0,0,0,0,0,245,0,0,0,0,0,287,0,0,0,0,0,0,0,0,0,0,0,0,0,0,0,99,0,0,0,0,0,0,0,0,0,0,0,0,0,0,0,0,0,146,0,132,0,0,0,0,0,0,0,0,0,0,0,0,0,66,0,0,0,0,0,0,0,0,0,0,0,0,0
"NCon316",5,0,0,0,0,0,0,0,0,0,0,0,0,0,3,0,0,0,0,0,0,0,0,0,0,0,9487,0,0,0,0,3327,0,0,0,0,0,0,0,0,0,0,0,0,0,0,0,0,0,0,0,0,0,0,0,0,0,0,0,0,0,0,0,0,5,0,0,0,0,0,0,0,0,0,0,0,0,0,0,0,0,0,0,0,0,0,0,0,0,0,0,0,0,0,0,0,0,0,0,0,0,0,0,0,0,0,0,0,0,0,0,0,0,0,0,0,0,0,0,0,0,0,6,0,0,0,0,0,0,0,0,0,0,0,0,0,0,0,0,0,0,0,0,0,0,0,0,0,0,0,0,0,898,0,0,0,0,0,0,0,0,0,0,0,0,0,0,0,0,0,0,0,0,0,0,0,0,0,0,0,0,0,0,0,0,0,0,0,0,0,0,0,0,0,0,0,0,0,0,0,0,0,0,0,0,0,0,0,0,0,0,0,0,0,0,0,0,0,0,0,0,0,0,0,0,0,0,0,0,0,0,0,0,0,0,0,0,0,0,158,0,0,0,0,0,0,0,0,0,0,0,0,0,0,0,0,0,0,0,0,0,0,0,0,0,0,0,0,0,0,0,0,0,0,0,0,0,0,0,0,0,0,0,0,0,0,0,0,0,0,0,0,0,0,0,0,0,0,0,0,0,0,0,0,0,0,0,0,0,0,0,0,0,0,0,0,0
